Workbook

Sheet Data_List_Final_04
F1: Lower Zakum LTDP­1, EPC Works for EPS­2 and PDP Project
F2: PROJECT DELIVERABLES REGISTER
A3: COMPANY Project No. | F3: COMPANY DOC. No. AD-27-G-00915 | I3: REV
A4: 14001-11688
A5: CONTRACTOR Project No. | F5: CONTRACTOR DOC. No. 2745-PP-GE-001 | I5: 2
A6: 2745
A7: S/NO | B7: COMPANY DOCUMENT No. | C7: ID2 | D7: ID4 | E7: ID5 | F7: CONTRACTOR DOCUMENT No. | G7: TITLE / DESCRIPTION | H7: DOCUMENT CLASS | I7: PLANNED ISSUANCE DATE | J7: DOCUMENT CLASS
A8: 1 | B8: PROJECT GENERAL
A9: 1.1 | B9: AD-27-G-00915 | F9: 2745-PP-GE-001 | G9: PROJECT DELIVERABLES REGISTER
A10: 1.2 | B10: AD-27-G-00916 | F10: 2745-PP-GE-002 | G10: PROJECT EXECUTION PLAN
A11: 1.3 | B11: AD-27-G-00917 | F11: 2745-PP-GE-003 | G11: PROJECT COORDINATION PROCEDURE
A12: 1.4 | B12: AD-27-G-00918 | F12: 2745-PP-GE-004 | G12: DOCUMENT CONTROL PROCEDURE
A13: 1.5 | B13: AD-27-G-00919 | F13: 2745-PP-GE-005 | G13: PROJECT CONTROL PROCEDURE
A14: 1.6 | B14: AD-27-G-00920 | F14: 2745-PP-GE-006 | G14: PROJECT PLANNING PACKAGE
A15: 1.7 | B15: AD-27-G-00921 | F15: 2745-PP-GE-007 | G15: INVOICING PROCEDURE
A16: 1.8 | B16: AD-27-G-00922 | F16: 2745-PP-GE-008 | G16: 90 DAYS SCHEDULE
A17: 1.9 | B17: AD-27-G-00923 | F17: 2745-PP-GE-009 | G17: PROJECT CONTROLS CLOSE OUT REPORT
A18: 1.1 | B18: AD-27-G-00924 | F18: 2745-PP-GE-010 | G18: SUB-CONTRACT PROCEDURE
A19: 1.11 | B19: AD-27-G-00925 | F19: 2745-PP-GE-011 | G19: CHANGE MANAGEMENT PROCEDURE
A20: 1.12 | B20: AD-27-G-00926 | F20: 2745-PP-GE-012 | G20: FINAL DOSSIER INDEX
... A22: 1.14 | B22: AD-27-G-00928 | F22: 2745-PP-GE-014 | G22: RISK MANGEMENT PROCEDURE
B23: AD-27-G-02951 | F23: 2745-PP-GE-015 | G23: PROJECT RISK MANAGEMENT PLAN
A24: 1.16 | B24: AD-27-G-00929 | F24: 2745-PP-GE-016 | G24: PROJECT RISK REGISTER
A25: 1.17 | B25: AD-27-G-00930 | F25: 2745-PP-GE-017 | G25: INTERFACE MANAGEMENT PROCEDURE
A26: 1.18 | B26: AD-27-G-00931 | F26: 2745-PP-GE-018 | G26: INTERFACE REGISTER
A27: 1.19 | B27: AD-27-G-00932 | F27: 2745-PP-GE-019 | G27: LONG LEAD AND CERITICAL ITEMS LIST
A28: 1.2 | B28: AD-27-G-00933 | F28: 2745-PP-GE-020 | G28: SPARE PARTS DATA PACKAGE SUBMITTAL PLAN
A29: 1.21 | B29: AD-27-G-00934 | F29: 2745-PP-GE-021 | G29: TERMS OF REFERENCE FOR RISK MANAGEMENT WORKSHOP
A30: 1.22 | B30: AD-27-G-00935 | F30: 2745-PP-GE-022 | G30: TERMS OF REFERENCE FOR LESSON LEARNT WORKSHOP
B31: AD-27-G-02952 | F31: 2745-PP-GE-023 | G31: VENDOR DOCUMENTS MANAGMENT PROCEDURE
B32: AD-27-G-02953 | F32: 2745-PP-GE-024 | G32: SCOPE OF WORK FOR TRAINING COMPANY’S ENGINEERS
B33: AD-27-G-02954 | F33: 2745-PP-GE-025 | G33: POSITIVE MATERIAL IDENTIFICATION (PMI) SPECIFICATION
B34: AD-27-G-023004 | F34: 2745-PP-GE-026 | G34: PROJECT INTEGRITY PLAN
F35: 2745-PP-GE-027 | G35: PROJECT LESSONS LEARNED - MASTER REGISTER
F36: 2745-PP-GE-028 | G36: Fabrication Readiness Review Checklist for EPS-2 GO NO GO
F37: 2745-PP-GE-029 | G37: PROJECT MATERIAL MANAGEMENT PROCEDURE
F38: 2745-PP-GE-030 | G38: PROJECT SCHEDULE RISK ANALYSIS PROCEDURE
F39: 2745-PP-GE-031 | G39: PROJECT TARGET PLANNING PACKAGE
F40: 2745-PP-GE-032 | G40: METHOD STATEMENT FOR GROUT LINE HYDROTESTING
A43: 2 | B43: PROCUREMENT | K43: =IFERROR(VLOOKUP(C43,P6_Data!$B:$F,5,0),"") | L43: =IFERROR(VLOOKUP(D43,P6_Data!$B:$F,5,0),"") | M43: =IFERROR(VLOOKUP(E43,P6_Data!$B:$F,5,0),"")
A44: 2.1 | B44: AD-27-G-00936 | F44: 2745-PP-PR-001 | G44: PROJECT PROCUREMENT PROCEDURE
A45: 2.2 | B45: AD-27-G-00937 | F45: 2745-PP-PR-002 | G45: VENDOR INSPECTION COORDINATION PROCEDURE
A46: 3 | B46: HSE | K46: =IFERROR(VLOOKUP(C47,P6_Data!$B:$F,5,0),"") | L46: =IFERROR(VLOOKUP(D47,P6_Data!$B:$F,5,0),"") | M46: =IFERROR(VLOOKUP(E47,P6_Data!$B:$F,5,0),"")
A47: 3.1 | B47: AD-27-G-00938 | F47: 2745-PP-HS-001 | G47: PROJECT HSE PLAN
A48: 3.2 | B48: AD-27-G-00939 | F48: 2745-PP-HS-002 | G48: PROJECT CONSTRUCTION HSE PLAN
A49: 3.3 | B49: AD-27-G-00940 | F49: 2745-PP-HS-003 | G49: EMERGENCY RESPONSE PLAN
A50: 3.4 | B50: AD-27-G-00941 | F50: 2745-PP-HS-004 | G50: PROJECT WASTE MANAGEMENT PLAN
A51: 3.5 | B51: AD-27-G-00942 | F51: 2745-PP-HS-005 | G51: PROJECT WELFARE MANAGEMENT PLAN
A52: 3.6 | B52: AD-27-G-00943 | F52: 2745-PP-HS-006 | G52: EMERGENCY BRIDGING PLANS
A53: 3.7 | B53: AD-27-G-02955 | F53: 2745-PP-HS-007 | G53: HEAT STRESS MANAGEMENT PLAN
B54: AD-27-G-02956 | F54: 2745-PP-HS-008 | G54: CONSTRUCTION ENVIORMENTAL MANAGEMENT PLAN
B55: AD-27-G-02957 | F55: 2745-PP-HS-009 | G55: HSE FOCUS PLAN
B56: AD-27-G-02958 | F56: 2745-PP-HS-010 | G56: SIMULTANEOUS OPERATIONS (SIMOPS) REPORT
B57: AD-27-G-02959 | F57: 2745-PP-HS-011 | G57: SOCIAL IMPACT SCREENING REPORT
B58: AD-27-G-02960 | F58: 2745-PP-HS-012 | G58: TERMS OF REFERENCE FOR SIMOPS STUDY
B59: AD-27-G-02961 | F59: 2745-PP-HS-013 | G59: TERMS OF REFERENCE FOR SOCIAL IMPACT SCREENING WORKSHOP
B60: AD-27-G-02962 | F60: 2745-PP-HS-014 | G60: TERMS OF REFERENCE FOR GHG/BAT
B61: AD-27-G-02963 | F61: 2745-PP-HS-015 | G61: GHG MANANAGENT PLAN
B62: AD-27-G-02964 | F62: 2745-PP-HS-016 | G62: EXTERNAL STAKEHOLDER ENGAGEMENT PLAN (ESEP)
B63: AD-27-G-02965 | F63: 2745-PP-HS-017 | G63: GHG/BAT ASSESSMENT REPORT
B64: AD-27-G-02966 | F64: 2745-PP-HS-018 | G64: TERMS OF REFERENCE FOR SOCIAL IMPACT SCREENING WORKSHOP
B65: AD-27-G-01315 | F65: 2745-PP-HS-019 | G65: PROJECT INCENTIVE PLAN
A68: 4 | B68: QA&QC | K68: =IFERROR(VLOOKUP(C69,P6_Data!$B:$F,5,0),"") | L68: =IFERROR(VLOOKUP(D69,P6_Data!$B:$F,5,0),"") | M68: =IFERROR(VLOOKUP(E69,P6_Data!$B:$F,5,0),"")
A69: 4.1 | B69: AD-27-G-00944 | F69: 2745-PP-QA-001 | G69: PROJECT QUALITY PLAN
A70: 4.2 | B70: AD-27-G-00945 | F70: 2745-PP-QA-002 | G70: PROJECT MATERIAL CONTROL, INSPECTION, IDENTIFICATION & TRACEABILITY PROCEDURE
A71: 4.3 | B71: AD-27-G-00946 | F71: 2745-PP-QA-003 | G71: NON-CONFORMANCE REPORTING PROCEDURE
A72: 4.4 | B72: AD-27-G-00947 | F72: 2745-PP-QA-004 | G72: DIMENSIONAL CONTROL PROCEDURE
A73: 4.5 | B73: AD-27-G-00948 | F73: 2745-PP-QA-005 | G73: HARDNESS TESTING PROCEDURE
A74: 4.6 | B74: AD-27-G-00949 | F74: 2745-PP-QA-006 | G74: ULTRASONIC TESTING PROCEDURE
A75: 4.7 | B75: AD-27-G-00950 | F75: 2745-PP-QA-007 | G75: MAGNETIC PARTICLE TESTING PROCEDURE
A76: 4.8 | B76: AD-27-G-00951 | F76: 2745-PP-QA-008 | G76: RADIOGRAPHIC TESTING PROCEDURE
A77: 4.9 | B77: AD-27-G-00952 | F77: 2745-PP-QA-009 | G77: LIQUID PENETRANT TESTING PROCEDURE
A78: 4.1 | B78: AD-27-G-00953 | F78: 2745-PP-QA-010 | G78: QC PERSONNEL LIST
A79: 4.11 | B79: AD-27-G-00954 | F79: 2745-PP-QA-011 | G79: PROJECT QUALITY AUDIT SCHEDULE
A80: 4.12 | B80: AD-27-G-00955 | F80: 2745-PP-QA-012 | G80: PROJECT QUALITY AUDIT PROCEDURE
... A133: 4.69 | B133: AD-27-G-02988 | F133: 2745-PP-QA-069 | G133: STRUCTURAL STEEL WELDING SPECIFICATION
B134: AD-27-G-02989 | F134: 2745-PP-QA-070 | G134: PROCEDURE FOR POST-WELD HEAT TREATMENT OF PIPING JOINTS BY ELECTRICAL RESISTANCE METHOD (LOCAL)
B135: AD-27-G-01433 | F135: 2745-PP-QA-071 | G135: RADIOGRAPHY FILM DIGITIZATION PROCEDURE (NMDC YARD & OFFSHORE
B136: AD-27-G-01434 | F136: 2745-PP-QA-072 | G136: DIGITAL RADIOGRAPHIC (DR) TESTING PROCEDURE (NMDC YARD & OFFSHORE)
A138: 5 | B138: ONSHORE INSTALLATION | K138: =IFERROR(VLOOKUP(#REF!,P6_Data!$B:$F,5,0),"") | L138: =IFERROR(VLOOKUP(#REF!,P6_Data!$B:$F,5,0),"") | M138: =IFERROR(VLOOKUP(#REF!,P6_Data!$B:$F,5,0),"")
A139: 5.2 | B139: AD-27-G-00996 | F139: 2745-PP-ON-002 | G139: STORES MANUAL
A140: 5.3 | B140: AD-27-G-00997 | F140: 2745-PP-ON-003 | G140: STRUCTURAL FABRICATION and ERECTION PROCEDURE
A141: 5.4 | B141: AD-27-G-00998 | F141: 2745-PP-ON-004 | G141: PIPING & PIPELINE SPEC. SPOOLS FABRICATION AND ERECTION PROCEDURE
A142: 5.5 | B142: AD-27-G-00999 | F142: 2745-PP-ON-005 | G142: PIPING & RISER TESTING PROCEDURE
A143: 5.6 | B143: AD-27-G-01000 | F143: 2745-PP-ON-006 | G143: PLATE GIRDER FABRICATION PROCEDURE
A144: 5.7 | B144: AD-27-G-01001 | F144: 2745-PP-ON-007 | G144: PAINTING PROCEDURE
A145: 5.8 | B145: AD-27-G-01002 | F145: 2745-PP-ON-008 | G145: PASSIVE FIRE PROOFING PROCEDURE
A146: 5.9 | B146: AD-27-G-01003 | F146: 2745-PP-ON-009 | G146: HOT DIP GALVANIZING PROCEDURE
A147: 5.1 | B147: AD-27-G-01004 | F147: 2745-PP-ON-010 | G147: DISTORTION ORRECTION PROCEDURE
A148: 5.11 | B148: AD-27-G-01005 | F148: 2745-PP-ON-011 | G148: PWHT PROCEDURE FOR PIPING (FURNACE / LOCAL)
A149: 5.12 | B149: AD-27-G-01006 | F149: 2745-PP-ON-012 | G149: FLANGE MANAGEMENT PROCEDURE
A150: 5.13 | B150: AD-27-G-01007 | F150: 2745-PP-ON-013 | G150: VALVE TESTING PROCEDURE
... A159: 5.23 | B159: AD-27-G-02968 | F159: 2745-PP-ON-023 | G159: LOADOUT PROCEDURE
B160: AD-27-G-02969 | F160: 2745-PP-ON-024 | G160: GIS INSTALLATION PROCEDURE
A161: 5.24 | B161: AD-27-G-02970 | F161: 2745-PP-ON-025 | G161: METHOD STATEMENT FOR COLD BENDING OF SHAPES
B162: AD-27-G-02971 | F162: 2745-PP-ON-026 | G162: SCOPE OF WORK FOR FABRICATION OF STRUCTURAL TERTIARY ITEMS
B163: AD-27-G-01314 | F163: 2745-PP-ON-027 | G163: SCOPE OF WORK FOR FABRICATION OF PLATE GIRDERS
B164: AD-27-G-02972 | F164: 2745-PP-ON-028 | G164: THREE LAYER POLYETHYLENE COATING PROCEDURE FOR LINE PIPE
B165: AD-27-G-02973 | F165: 2745-PP-ON-029 | G165: THREE LAYER POLYPROPYLENE COATING PROCEDURE FOR LINE PIPE
B166: AD-27-G-02975 | F166: 2745-PP-ON-030 | G166: CONCRETE WEIGHT COATING AND ANODE INSTALLATION PROCEDURE
...

Sheet PIPELINE & CABLE doc
D1: EPC FOR DALMA GAS DEVELOPMENT PROJECT PACKAGE-A (OFFSHORE FACILITIES) | O1: NPCC DOC. No.:
O2: CLIENT DOC. No. :
D3: NPCC PROJECT NO.8405 | O3: REVISION : | S3: 0
D4: OFFSHORE CONSTRUCTION ENGINEERING DOCUMENTS (PIPELINE & CABLE) | O4: DATE : | S4: 44363
A5: SR. NO. | B5: DESCRIPTION | C5: COMPANY DOCUMENT NUMBER | D5: NPCC DOCUMENT NUMBER | E5: REV. | F5: CLASS | G5: SUBMISSION PLANNED DATE | H5: NPCC | L5: CLIENT | O5: GMC | T5: REMARKS
H6: SUBMISSION STATUS | L6: APPROVAL STATUS | O6: SUBMISSION STATUS | Q6: APPROVAL STATUS
H7: CSE TO PMT | J7: PMT TO CLIENT | L7: FROM CLIENT | O7: PMT TO GMC | Q7: STATUS FROM GMC
H8: DATE | I8: REF | J8: DATE | K8: REF | L8: DATE | M8: REF | N8: CODE | O8: DATE | P8: REF | Q8: DATE | R8: REF | S8: CODE
A10: 1 | B10: PIPE STACKING ANALYSIS REPORT | C10: CF0000-32-REP-0001 | D10: 8405-NN-RP-001 | E10: A01 | F10: 1 | G10: 45048
A11: 2 | B11: PIPELAY ANALYSIS REPORT FOR PL-1 ( 16" GAS-CONDENSTAE) FROM SATAH WHP-10 TO ARZANAH ISLAND | C11: AZ0091-32-REP-0002 | D11: 8405-NN-RP-002 | E11: A01 | F11: 1 | G11: 45041
A12: 3 | B12: PIPELAY ANALYSIS REPORT FOR PL-2 ( 14" GAS-CONDENSTAE) FROM HD-3 TO HD WHP-T4 | C12: HD0201-32-REP-0003 | D12: 8405-NN-RP-003 | E12: A01 | F12: 1 | G12: 45044
A13: 4 | B13: PIPELAY ANALYSIS REPORT FOR PL-3 ( 18" GAS-CONDENSTAE) FROM HD WHP-T4 TO ARZANAH ISLAND | C13: AZ0091-32-REP-0004 | D13: 8405-NN-RP-004 | E13: A01 | F13: 1 | G13: 45050
A14: 5 | B14: PIPELAY ANALYSIS REPORT FOR PL-4 ( 18" GAS-CONDENSTAE) FROM WHP BH-3 SATAH WHP-10 TO ARZANAH ISLAND | C14: AZ0091-32-REP-0005 | D14: 8405-NN-RP-005 | E14: A01 | F14: 1 | G14: 45050
A15: 6 | B15: PIPELAY ANALYSIS REPORT FOR PL-5 ( 24" EXPORT GAS ) FROM ARZANAH ISLAND TO IGD-E(AT KP-38) | C15: KP3801-34-REP-0006 | D15: 8405-NN-RP-006 | E15: A01 | F15: 1 | G15: 45052
A16: 7 | B16: PIPELAY ANALYSIS REPORT FOR PL-6 ( 6" EXPORT-CONDENSTAE & FOC PIGGY BACKED) FROM ARZANAH ISLAND TO ZIRKU ISLAND | C16: AZ0091-32-REP-0007 | D16: 8405-NN-RP-007 | E16: A01 | F16: 1 | G16: 45053
A17: 8 | B17: SHORE PULL ANALYSES REPORT AT ARZANAH EAST | C17: AZ0091-32-REP-0008 | D17: 8405-NN-RP-008 | E17: A01 | F17: 1 | G17: 45028
A18: 9 | B18: SHORE PULL ANALYSES REPORT AT ARZANAH SOUTH | C18: AZ0091-32-REP-0009 | D18: 8405-NN-RP-009 | E18: A01 | F18: 1 | G18: 45029
A19: 10 | B19: SHORE PULL ANALYSIS REPORT AT ZIRKU ISLAND | C19: AZ0091-32-REP-0010 | D19: 8405-NN-RP-010 | E19: A01 | F19: 1 | G19: 45030
A20: 11 | B20: MIDLINE TIE-IN ANALYSIS REPORT | C20: CF0000-32-REP-0011 | D20: 8405-NN-RP-011 | E20: A01 | F20: 1 | G20: 45061
A21: 12 | B21: SEAFASTENING DESIGN REPORT FOR TRANSPORTATION OF CC PIPES ON CARGO BARGE | C21: CF0000-32-REP-0012 | D21: 8405-NN-RP-012 | E21: A01 | F21: 1 | G21: 45033
A22: 13 | B22: SEAFASTENING DESIGN REPORT FOR TRANSPORTATION OF CC PIPES ON CARGO BARGE | C22: Duplicate | D22: 8405-NN-RP-013 | E22: A01 | F22: 1 | G22: 45034
A23: 14 | B23: SEAFASTENING DESIGN REPORT FOR TRANSPORTATION OF CC PIPES ON CARGO BARGE | D23: 8405-NN-RP-014 | E23: A01 | F23: 1 | G23: 45035
A24: 15 | B24: SEAFASTENING DESIGN REPORT FOR TRANSPORTATION OF CC PIPES ON CARGO BARGE | D24: 8405-NN-RP-015 | E24: A01 | F24: 1 | G24: 45036
A25: 16 | B25: SEAFASTENING DESGIN REPORT FOR TRANSPORTATION OF CONCRETE SLEEPERS | D25: 8405-NN-RP-016 | E25: A01 | F25: 1 | G25: 45048
A26: 17 | B26: SEAFASTENING DESGIN REPORT FOR TRANSPORTATION OF CONCRETE SLEEPERS | D26: 8405-NN-RP-017 | E26: A01 | F26: 1 | G26: 45048
A27: 18 | B27: SEAFASTENING DESGIN REPORT FOR TRANSPORTATION OF CONCRETE SLEEPERS | D27: 8405-NN-RP-018 | E27: A01 | F27: 1 | G27: 45048
A28: 19 | B28: SEAFASTENING DESGIN REPORT FOR TRANSPORTATION OF CONCRETE SLEEPERS | D28: 8405-NN-RP-019 | E28: A01 | F28: 1 | G28: 45048
A29: 20 | B29: SEAFASTENING DESGIN REPORT FOR TRANSPORTATION OF CONCRETE MATTRESSES | D29: 8405-NN-RP-020 | E29: A01 | F29: 1 | G29: 45051
A30: 21 | B30: SEAFASTENING DESGIN REPORT FOR TRANSPORTATION OF CONCRETE MATTRESSES | D30: 8405-NN-RP-021 | E30: A01 | F30: 1 | G30: 45051
A31: 22 | B31: RISER/SPOOL LIFTING ANALYSIS REPORT AT WHP BH3 | C31: BH0101-32-REP-0013 | D31: 8405-NN-RP-022 | E31: A01 | F31: 1 | G31: 45097
A32: 23 | B32: RISER/SPOOL LIFTING ANALYSIS REPORT AT SATAH WHP-10 | C32: ST0101-32-REP-0014 | D32: 8405-NN-RP-023 | E32: A01 | F32: 1 | G32: 45058
A33: 24 | B33: RISER/SPOOL LIFTING ANALYSIS REPORT AT IGD-E | C33: KP3801-32-REP-0015 | D33: 8405-NN-RP-024 | E33: A01 | F33: 1 | G33: 45066
A34: 25 | B34: RISER/SPOOL LIFTING ANALYSIS REPORT AT WHP HD3 | C34: BH0101-32-REP-0016 | D34: 8405-NN-RP-025 | E34: A01 | F34: 1 | G34: 45097
A35: 26 | B35: RISER/SPOOL LIFTING ANALYSIS REPORT AT HD WHP-T4 | C35: BH0201-32-REP-0017 | D35: 8405-NN-RP-026 | E35: A01 | F35: 1 | G35: 45097
A36: 27 | B36: SEAFASTENING ANALYSIS REPORT FOR TRANSPORTATION OF SUBSEA SPOOLS (TRIP-1) | C36: CF0000-32-REP-0018 | D36: 8405-NN-RP-027 | E36: A01 | F36: 1 | G36: 45097
A37: 28 | B37: SEAFASTENING ANALYSIS REPORT FOR TRANSPORTATION OF SUBSEA SPOOLS (TRIP-2) | C37: CF0000-32-REP-0019 | D37: 8405-NN-RP-028 | E37: A01 | F37: 1 | G37: 45089
A38: 29 | B38: INSTALLATION ANALYSIS REPORT FOR CC-1( COMPOSITE CABLES FROM ARZANAH ISLAND TO IGD-E) | C38: KP3801-32-REP-0020 | D38: 8405-NN-RP-029 | E38: A01 | F38: 1 | G38: 45068
A39: 30 | B39: Composite Cable Installation analysis report | C39: CF0000-32-REP-0021 | D39: 8405-NN-RP-30 | E39: A01 | F39: 1 | G39: 45097
A40: 31 | B40: Umbilical Installation analysis report | C40: CF0000-32-REP-0022 | D40: 8405-NN-RP-31 | E40: A01 | F40: 1

Sheet Naval & Marine doc
D1: EPC FOR DALMA GAS DEVELOPMENT PROJECT PACKAGE-A (OFFSHORE FACILITIES) | O1: NPCC DOC. No.:
O2: CLIENT DOC. No. :
D3: NPCC PROJECT NO.8405 | O3: REVISION : | S3: 0
D4: OFFSHORE CONSTRUCTION ENGINEERING DOCUMENTS (PIPELINE & CABLE) | O4: DATE : | S4: 44277
A5: SR. NO. | B5: DESCRIPTION | C5: COMPANY DOCUMENT NUMBER | D5: NPCC DOCUMENT NUMBER | E5: REV. | F5: CLASS | G5: SUBMISSION PLANNED DATE | H5: NPCC | L5: CLIENT | O5: GMC | T5: REMARKS
H6: SUBMISSION STATUS | L6: APPROVAL STATUS | O6: SUBMISSION STATUS | Q6: APPROVAL STATUS
H7: CSE TO PMT | J7: PMT TO CLIENT | L7: FROM CLIENT | O7: PMT TO GMC | Q7: STATUS FROM GMC
H8: DATE | I8: REF | J8: DATE | K8: REF | L8: DATE | M8: REF | N8: CODE | O8: DATE | P8: REF | Q8: DATE | R8: REF | S8: CODE
A9: 1 | B9: STABILITY ANALYSIS DURING TRANSPORTATION OF CONCRETE COATED PIPEPIPE AT CARGO BAGE | C9: CF0000-32-REP-0021 | D9: 8405-ZZ-CL-001 | E9: A01 | F9: 1 | G9: 45049
A10: 2 | B10: STABILITY ANALYSIS DURING TRANSPORTATION OF CONCRETE COATED PIPEPIPE AT CARGO BAGE | C10: Duplicate | D10: 8405-ZZ-CL-002 | E10: A01 | F10: 1 | G10: 45049
A11: 3 | B11: STABILITY ANALYSIS DURING TRANSPORTATION OF CONCRETE COATED PIPEPIPE AT CARGO BAGE | D11: 8405-ZZ-CL-003 | E11: A01 | F11: 1 | G11: 45049
A12: 4 | B12: STABILITY ANALYSIS DURING TRANSPORTATION OF CONCRETE COATED PIPEPIPE AT CARGO BAGE | D12: 8405-ZZ-CL-004 | E12: A01 | F12: 1 | G12: 45049
A13: 5 | B13: STABILITY ANALYSIS DURING TRANSPORTATION OF CONCRETE SLEEPERS AT CARGO BAGE | D13: 8405-ZZ-CL-005 | E13: A01 | F13: 1 | G13: 45060
A14: 6 | B14: STABILITY ANALYSIS DURING TRANSPORTATION OF CONCRETE MATTRESS AT CARGO BAGE | C14: CF0000-32-REP-0022 | D14: 8405-ZZ-CL-006 | E14: A01 | F14: 1 | G14: 45060
A15: 7 | B15: STABILITY ANALYSIS DURING TRANSPORTATION OF CONCRETE SLEEPERS AT CARGO BAGE | C15: Duplicate | D15: 8405-ZZ-CL-007 | E15: A01 | F15: 1 | G15: 45060
A16: 8 | B16: MOORING ANALYSIS DURING LAYING PL-1 ( 16" GAS-CONDENSTAE) FROM SATAH WHP-10 TO ARZANAH ISLAND | C16: AZ0091-32-REP-0023 | D16: 8405-ZZ-CL-008 | E16: A01 | F16: 1 | G16: 45061
A17: 9 | B17: MOORING ANALYSIS DURING LAYING PL-2 ( 14" GAS-CONDENSTAE) FROM HD-3 TO HD WHP-T4 | C17: HD0201-32-REP-0024 | D17: 8405-ZZ-CL-009 | E17: A01 | F17: 1 | G17: 45062
A18: 10 | B18: MOORING ANALYSIS DURING LAYING PL-3 ( 18" GAS-CONDENSTAE) FROM HD WHP-T4 TO ARZANAH ISLAND | C18: AZ0091-32-REP-0025 | D18: 8405-ZZ-CL-010 | E18: A01 | F18: 1 | G18: 45063
A19: 11 | B19: MOORING ANALYSIS DURING LAYING PL-4 ( 18" GAS-CONDENSTAE) FROM WHP BH-3 SATAH WHP-10 TO ARZANAH ISLAND | C19: AZ0091-32-REP-0026 | D19: 8405-ZZ-CL-011 | E19: A01 | F19: 1 | G19: 45064
A20: 12 | B20: MOORING ANALYSIS DURING LAYING PL-5 ( 24" EXPORT GAS ) FROM ARZANAH ISLAND TO IGD-E(AT KP-38) | C20: KP3801-32-REP-0027 | D20: 8405-ZZ-CL-012 | E20: A01 | F20: 1 | G20: 45065
A21: 13 | B21: MOORING ANALYSIS DURING SHORE PULL AT ARZANAH EAST | C21: AZ0091-32-REP-0028 | D21: 8405-ZZ-CL-013 | E21: A01 | F21: 1 | G21: 45060
A22: 14 | B22: MOORING ANALYSIS DURING SHORE PULL AT ARZANAH SOUTH. | C22: AZ0091-32-REP-0029 | D22: 8405-ZZ-CL-014 | E22: A01 | F22: 1 | G22: 45026
A23: 15 | B23: MOORING ANALYSIS DURING SHORE PULL AT ZIRKU ISLAND | C23: AZ0091-32-REP-0030 | D23: 8405-ZZ-CL-015 | E23: A01 | F23: 1 | G23: 45026
A24: 16 | B24: MOORING ANALYSIS DURING MIDLINE TIE-IN | C24: CF0000-32-REP-0031 | D24: 8405-ZZ-CL-016 | E24: A01 | F24: 1 | G24: 45026
B25: MOORING ANALYSIS DURING MIDLINE TIE-IN | C25: CF0000-32-REP-0032 | D25: 8405-ZZ-CL-017 | E25: A01 | F25: 1 | G25: 45103
B26: MOORING ANALYSIS DURING LATERAL SHIFTING & STALK-ON RISER INSTALLATION FOR PL1 | C26: CF0000-32-REP-0033 | D26: 8405-ZZ-CL-018 | E26: A01 | F26: 1 | G26: 45085
B27: MOORING ANALYSIS DURING LATERAL SHIFTING & STALK-ON RISER INSTALLATION FOR PL2 | C27: CF0000-32-REP-0034 | D27: 8405-ZZ-CL-019 | E27: A01 | F27: 1 | G27: 45085
B28: MOORING ANALYSIS DURING LATERAL SHIFTING & STALK-ON RISER INSTALLATION FOR PL3 | C28: CF0000-32-REP-0035 | D28: 8405-ZZ-CL-020 | E28: A01 | F28: 1 | G28: 45085
B29: MOORING ANALYSIS DURING LATERAL SHIFTING & STALK-ON RISER INSTALLATION FOR PL4 | C29: CF0000-32-REP-0036 | D29: 8405-ZZ-CL-021 | E29: A01 | F29: 1 | G29: 45085
B30: MOORING ANALYSIS DURING LATERAL SHIFTING & STALK-ON RISER INSTALLATION FOR PL5 | C30: CF0000-32-REP-0037 | D30: 8405-ZZ-CL-022 | E30: A01 | F30: 1 | G30: 45085

Sheet DRAWINGS
D1: EPC FOR DALMA GAS DEVELOPMENT PROJECT PACKAGE-A (OFFSHORE FACILITIES) | O1: NPCC DOC. No.:
O2: CLIENT DOC. No. :
D3: NPCC PROJECT NO.8405 | O3: REVISION : | S3: 0
D4: OFFSHORE CONSTRUCTION ENGINEERING DOCUMENTS (PIPELINE & CABLE) | O4: DATE : | S4: 44277
A5: SR. NO. | B5: DESCRIPTION | C5: COMPANY DOCUMENT NUMBER | D5: NPCC DOCUMENT NUMBER | E5: REV. | F5: CLASS | G5: SUBMISSION PLANNED DATE | H5: NPCC | L5: CLIENT | O5: GMC | T5: REMARKS
H6: SUBMISSION STATUS | L6: APPROVAL STATUS | O6: SUBMISSION STATUS | Q6: APPROVAL STATUS
H7: CSE TO PMT | J7: PMT TO CLIENT | L7: FROM CLIENT | O7: PMT TO GMC | Q7: STATUS FROM GMC
H8: DATE | I8: REF | J8: DATE | K8: REF | L8: DATE | M8: REF | N8: CODE | O8: DATE | P8: REF | Q8: DATE | R8: REF | S8: CODE
A9: 1 | B9: SHOREPULL HEAD FOR PL-1( 16" GAS-CONDENSTAE FROM SATAH WHP-10 TO ARZANAH ISLAND ) | C9: AZ0091-32-LAY-0001 | D9: 8405-NN-0001 | E9: A01 | F9: 2 | G9: 45028
A10: 2 | B10: SHOREPULL HEAD FOR PL-4 ( 18" GAS-CONDENSTAE) FROM WHP BH-3 SATAH WHP-10 TO ARZANAH ISLAND | C10: AZ0091-32-LAY-0002 | D10: 8405-NN-0002 | E10: A01 | F10: 2 | G10: 45029
A11: 3 | B11: SHOREPULL HEAD FOR PL-6 ( ( 6" EXPORT-CONDENSTAE & FOC PIGGY BACKED) | C11: CF0000-32-LAY-0003 | D11: 8405-NN-0003 | E11: A01 | F11: 2 | G11: 45030
A12: 4 | B12: SHOREPULL HEAD FOR PL-5 ( 24" EXPORT GAS ) FROM ARZANAH ISLAND TO IGD-E(AT KP-38) | C12: KP3801-32-LAY-0004 | D12: 8405-NN-0004 | E12: A01 | F12: 2 | G12: 45031
A13: 5 | B13: SHOREPULL HEAD FOR PL-3 ( 18" GAS-CONDENSTAE) FROM HD WHP-T4 TO ARZANAH ISLAND | C13: AZ0091-32-LAY-0005 | D13: 8405-NN-0005 | E13: A01 | F13: 2 | G13: 45032
A14: 6 | B14: SHORE PULL HEAD FOR 24" CONDUIT | C14: CF0000-32-LAY-0006 | D14: 8405-NN-0006 | E14: A01 | F14: 2 | G14: 45033
A15: 7 | B15: SHORE PULL HEAD FOR 16" CONDUIT | C15: CF0000-32-LAY-0007 | D15: 8405-NN-0007 | E15: A01 | F15: 2 | G15: 45034
A16: 8 | B16: LAYDOWN HEAD FOR PL-1 ( 16" GAS-CONDENSTAE) | C16: CF0000-32-LAY-0008 | D16: 8405-NN-0008 | E16: A01 | F16: 2 | G16: 45028
A17: 9 | B17: LAYDOWN HEAD FOR PL-2 ( 14" GAS-CONDENSTAE) FROM HD-3 TO HD WHP-T4 | C17: HD0201-32-LAY-0009 | D17: 8405-NN-0009 | E17: A01 | F17: 2 | G17: 45029
A18: 10 | B18: LAYDOWN HEAD FOR PL-3 ( 18" GAS-CONDENSTAE) FROM HD WHP-T4 TO ARZANAH ISLAND | C18: AZ0091-32-LAY-0010 | D18: 8405-NN-0010 | E18: A01 | F18: 2 | G18: 45030
A19: 11 | B19: LAYDOWN HEAD FOR PL-4 ( 18" GAS-CONDENSTAE) FROM WHP BH-3 SATAH WHP-10 TO ARZANAH ISLAND | C19: AZ0091-32-LAY-0011 | D19: 8405-NN-0011 | E19: A01 | F19: 2 | G19: 45031
A20: 12 | B20: LAYDOWN HEAD FOR PL-5 ( 24" EXPORT GAS ) FROM ARZANAH ISLAND TO IGD-E(AT KP-38) | C20: KP3801-32-LAY-0012 | D20: 8405-NN-0012 | E20: A01 | F20: 2 | G20: 45032
... A84: 76 | B84: START UP HEAD DETAILS PL-2 (12" GAS-CONDENSATE) FROM HD-3 TO HD WHP-T4 | C84: HD0201-32-LAY-0075 | D84: 8405-NN-0076 | E84: A01 | F84: 1 | G84: 45088

Sheet Anchor Pattern
C1: ABU DHABI NATIONAL OIL COMPANY (ADNOC) EPC FOR DALMA GAS DEVELOPMENT PROJECT CONTRACT AGREEMENT NO: 6000001102(A)
A2: COMPANY Project No. | B2: P4331432 | C2: ANCHOR PATTERNS REGISTER | E2: Rev. 00
A3: CONTRACTOR Project No. | B3: 8405 | E3: =NOW() -> 45839.412
A4: Sl. No. | B4: Contractor Document No. | C4: COMPANY Document No. | D4: Title / Description | E4: Vessel Name | F4: Remarks | G4: REV. | H4: CLASS | I4: SUBMISSION PLANNED DATE
A5: 1 | B5: 8405-AP-0201 | C5: CF4901-34-LAY-0001 | D5: MUTAWA-101 ANCHOR PATTERN DURING JACKET FACE SURVEY AT WHP-10 | E5: MUTAWA-101 | F5: ISSUED | G5: A01 | H5: 1 | I5: 45168
A6: 2 | B6: 8405-AP-0202 | C6: BH4900-34-LAY-0002 | D6: MUTAWA-101 ANCHOR PATTERN DURING JACKET FACE SURVEY AT WHP-BH-3 | E6: MUTAWA-101 | F6: ISSUED | G6: A01 | H6: 1 | I6: 45168
A7: 3 | B7: 8405-AP-0203 | C7: HD4900-34-LAY-0003 | D7: MUTAWA-101 ANCHOR PATTERN DURING JACKET FACE SURVEY AT HD-3 | E7: MUTAWA-101 | F7: ISSUED | G7: A01 | H7: 1 | I7: 45168
A8: 4 | B8: 8405-AP-0204 | C8: CF0000-34-LAY-0004 | D8: MUTAWA-101 ANCHOR PATTERN DURING JACKET FACE SURVEY AT HD-WHP-T4 (EAST SIDE) | E8: MUTAWA-101 | F8: ISSUED | G8: A01 | H8: 1 | I8: 45168
A9: 5 | B9: 8405-AP-0205 | C9: CF0000-34-LAY-0005 | D9: MUTAWA-101 ANCHOR PATTERN DURING JACKET FACE SURVEY AT HD-WHP-T4 (WEST SIDE) | E9: MUTAWA-101 | F9: ISSUED | G9: A01 | H9: 1 | I9: 45168
A10: 6 | B10: 8405-AP-0206 | C10: KP0000-34-LAY-0006 | D10: MUTAWA-101 ANCHOR PATTERN DURING JACKET FACE SURVEY AT IGD-E | E10: MUTAWA-101 | F10: ISSUED | G10: A01 | H10: 1 | I10: 45107
A11: 7 | B11: 8405-AP-0001 | C11: ST0101-34-LAY-0001 | D11: ANCHOR PATTERN FOR BARGE DLB-750 DURING PIPELAY AND SHORE PULL OF PL-1 (14'' PIPELINE FROM SATAH WHP-10 TO ARZANAH ISLAND- EAST ) | E11: DLB-750 | G11: A01 | H11: 1 | I11: 45036
A12: 8 | B12: 8405-AP-0002 | C12: HD0101-34-LAY-0002 | D12: ANCHOR PATTERN FOR BARGE DLB-750 DURING PIPELAY OF PL-2 (12'' PIPELINE FROM HAIR DALMA HD-03 TO HAIR DALMA HD WHP-T4) | E12: DLB-750 | G12: A01 | H12: 1 | I12: 45038
A13: 9 | B13: 8405-AP-0003 | C13: HD0201-34-LAY-0003 | D13: ANCHOR PATTERN FOR BARGE DLB-750 DURING PIPELAY AND SHORE PULL OF PL-3 (16'' PIPELINE FROM HAIR DALMA HD WHP-T4 TO ARZANAH ISLAND- SOUTH) | E13: DLB-750 | G13: A01 | H13: 1 | I13: 45040
A14: 10 | B14: 8405-AP-0004 | C14: BH0091-34-LAY-0004 | D14: ANCHOR PATTERN FOR BARGE DLB-750 DURING PIPELAY AND SHORE PULL OF PL-4 (16'' PIPELINE FROM BU HASEER BH-03 TO ARZANAH ISLAND- EAST) | E14: DLB-750 | G14: A01 | H14: 1 | I14: 45042
A15: 11 | B15: 8405-AP-0005 | C15: KP0091-34-LAY-0005 | D15: ANCHOR PATTERN FOR BARGE DLB-750 DURING SHORE PULL AND PIPELAY OF PL-5 (24'' PIPELINE FROM ARZANAH ISLAND- EAST TO IGD-E) | E15: DLB-750 | G15: A01 | H15: 1 | I15: 45044
A16: 12 | B16: 8405-AP-0006 | C16: CF0091-34-LAY-0006 | D16: ANCHOR PATTERN FOR BARGE DLB-750 DURING SHORE PULL AND PIPELAY OF PL-6 (6'' PIPELINE FROM ARZANAH ISLAND- EAST TO ZIRKU ISLAND) | E16: DLB-750 | G16: A01 | H16: 1 | I16: 45046
A17: 13 | B17: 8405-AP-0007 | C17: KP0091-34-LAY-0007 | D17: ANCHOR PATTERN FOR BARGE DLB-750 DURING COMPOSITE CABLE SHORE PULL AND INSTALLATION OF CC-1 (FROM ARZANAH ISLAND- EAST TO IGD-E) | E17: DLB-750 | G17: A01 | H17: 1 | I17: 45048
A18: 14 | B18: 8405-AP-0008 | C18: ST0101-34-LAY-0008 | D18: ANCHOR PATTERN FOR BARGE DLB-750 DURING RISER INSTALLATION AT SATAH WHP-10 (14" RISER FOR (PL-1) PIPELINE FROM ARZANAH ISLAND TO SATAH WHP-10) | E18: DLB-750 | G18: A01 | H18: 1 | I18: 45050
A19: 15 | B19: 8405-AP-0009 | C19: HD0101-34-LAY-0009 | D19: ANCHOR PATTERN FOR BARGE SAFEEN-3000 DURING RISER INSTALLATION AT HD-03 (12" RISER FOR (PL-2) PIPELINE FROM HD-03 TO HD WHP-T4) | E19: SAFEEN-3000 | G19: A01 | H19: 1 | I19: 45052
A20: 16 | B20: 8405-AP-0010 | C20: HD0101-34-LAY-0010 | D20: ANCHOR PATTERN FOR BARGE SAFEEN-3000 DURING RISER INSTALLATION AT HD WHP-T4 (12" RISER FOR (PL-2) PIPELINE FROM HD-03 TO HD WHP-T4) | E20: SAFEEN-3000 | G20: A01 | H20: 1 | I20: 45054
A21: 17 | B21: 8405-AP-0011 | C21: AZ0091-34-LAY-0011 | D21: ANCHOR PATTERN FOR BARGE SAFEEN-3000 DURING RISER INSTALLATION AT HD WHP-T4 (16" RISER FOR (PL-3) PIPELINE FROM SOUTH ARZANAH ISLAND TO HD WHP-T4) | E21: SAFEEN-3000 | G21: A01 | H21: 1 | I21: 45056
A22: 18 | B22: 8405-AP-0012 | C22: BH0101-34-LAY-0012 | D22: ANCHOR PATTERN FOR BARGE SAFEEN-3000 DURING RISER INSTALLATION AT WHP BH-03 (16" RISER FOR (PL-4) PIPELINE FROM EAST ARZANAH ISLAND TO WHP BH-03) | E22: SAFEEN-3000 | G22: A01 | H22: 1
A23: 19 | B23: 8405-AP-0013 | C23: KP0091-34-LAY-0013 | D23: ANCHOR PATTERN FOR BARGE SAFEEN-3000 DURING RISER INSTALLATION AT IGD-E (KP-38) (24" RISER FOR (PL-5) PIPELINE FROM EAST ARZANAH ISLAND TO IGD-E (KP-38)) | E23: SAFEEN-3000 | G23: A01 | H23: 1
A24: 20 | B24: 8405-AP-0014 | C24: HD0091-34-LAY-0014 | D24: ANCHOR PATTERN FOR BARGE SAFEEN- 3000 DURING HD-03 JACKET EXTENSION | E24: SAFEEN-3000 | G24: A01 | H24: 1
A25: 21 | B25: 8405-AP-0015 | C25: HD0091-34-LAY-0015 | D25: ANCHOR PATTERN FOR BARGE DLB-750 DURING INSTALLATION OF 24" CONDUIT FOR UC-3 (UMBILICAL FROM ARZANAH ISLAND-SOUTH TO HD WHP-T4), AT ARZANAH ISLAND-SOUTH | E25: DLB-750 | G25: A01 | H25: 1
A26: 22 | B26: 8405-AP-0016 | C26: AZ0091-34-LAY-0016 | D26: ANCHOR PATTERN FOR BARGE DLB-750 DURING INSTALLATION OF 24" CONDUIT FOR UC-1 (UMBILICAL FROM ARZANAH ISLAND-EAST TO SATAH WHP-10), AT ARZANAH ISLAND-EAST | E26: DLB-750 | G26: A01 | H26: 1
A27: 23 | B27: 8405-AP-0017 | C27: ST0101-34-LAY-0017 | D27: ANCHOR PATTERN FOR BARGE DLB-750 DURING INSTALLATION OF 24" CONDUIT FOR UC-4 (UMBILICAL FROM ARZANAH ISLAND-EAST TO BH-3), AT ARZANAH ISLAND-EAST | E27: DLB-750 | G27: A01 | H27: 1 | I27: 45063
A28: 24 | B28: 8405-AP-0018 | C28: AZ0091-34-LAY-0018 | D28: ANCHOR PATTERN FOR BARGE DLB-750 DURING INSTALLATION OF 16" CONDUIT FOR CC-1 (COMPOSITE CABLE FROM ARZANAH ISLAND-EAST TO IGD-E), AT ARZANAH ISLAND-EAST | E28: DLB-750 | G28: A01 | H28: 1 | I28: 45063
A29: 25 | B29: 8405-AP-0101 | C29: HD0091-34-LAY-0101 | D29: ANCHOR PATTERN FOR BARGE SEP-450 DURING REMOVAL OF EXISTING TOPSIDE OF HAIR DALMA HD-03 | E29: SEP-450 | G29: A01 | H29: 1
A30: 26 | B30: 8405-AP-0102 | C30: HD0091-34-LAY-0102 | D30: ANCHOR PATTERN FOR BARGE SEP-450 DURING INSTALLATION OF NEW TOPSIDE FOR HAIR DALMA HD-03 | E30: SEP-450 | G30: A01 | H30: 1
A31: 27 | B31: 8405-AP-0103 | C31: HD0091-34-LAY-0103 | D31: ANCHOR PATTERN FOR BARGE SEP-450 DURING INSTALLATION OF HD WHP-T4 TOPSIDE | E31: SEP-450 | G31: A01 | H31: 1
A32: 28 | B32: 8405-AP-0104 | C32: BH0101-34-LAY-0104 | D32: ANCHOR PATTERN FOR BARGE SEP-450 DURING INSTALLATION OF WHP BH-03 TOPSIDE | E32: SEP-450 | G32: A01 | H32: 1
A33: 29 | B33: 8405-AP-0105 | C33: ST0101-34-LAY-0105 | D33: ANCHOR PATTERN FOR BARGE SEP-450 DURING INSTALLATION OF SATAH WHP-10 TOPSIDE | E33: SEP-450 | G33: A01 | H33: 1
A34: 30 | B34: 8405-AP-0106 | C34: KP0091-34-LAY-0106 | D34: ANCHOR PATTERN FOR BARGE SEP-750 DURING DECK EXTENSION AT IGD-E | E34: SEP-750 | G34: A01 | H34: 1

Sheet DP
C1: ABU DHABI NATIONAL OIL COMPANY (ADNOC) EPC FOR DALMA GAS DEVELOPMENT PROJECT CONTRACT AGREEMENT NO: 6000001102(A)
A2: COMPANY Project No. | B2: P4331432 | C2: DP SET- UP PLANS REGISTER | E2: Rev. 00
A3: CONTRACTOR Project No. | B3: 8405 | E3: 45026
A4: Sl. No. | B4: Contractor Document No. | C4: COMPANY Document No. | D4: Title / Description | E4: Vessel Name | F4: Remarks
A5: 1 | B5: 8405-DP-0201 | C5: ST0101-34-LAY-0201 | D5: DP SET- UP PLAN FOR UMBILICAL & CABLE LAYING VESSEL DURING UMBILICAL SHORE PULL AND INSTALLATION OF UC-1 (UMBILICAL FROM ARZANAH ISLAND-EAST TO SATAH WHP-10) | E5: UMBILICAL & CABLE LAYING VESSEL
A6: 2 | B6: 8405-DP-0202 | C6: HD0101-34-LAY-0202 | D6: DP SET- UP PLAN FOR UMBILIUMBILICAL & CABLE LAYING VESSEL DURING UMBILICAL INSTALLATION OF UC-2 (UMBILICAL FROM HD-03 TO HD WHP-T4) | E6: UMBILICAL & CABLE LAYING VESSEL
A7: 3 | B7: 8405-DP-0203 | C7: HD0101-34-LAY-0203 | D7: DP SET- UP PLAN FOR UMBILICAL & CABLE LAYING VESSEL DURING UMBILICAL SHORE PULL AND INSTALLATION OF UC-3 (UMBILICAL FROM ARZANAH ISLAND-SOUTH TO HD WHP-T4) | E7: UMBILICAL & CABLE LAYING VESSEL
A8: 4 | B8: 8405-DP-0204 | C8: BH0101-34-LAY-0204 | D8: DP SET- UP PLAN FOR UMBILICAL & CABLE LAYING VESSEL DURING UMBILICAL SHORE PULL AND INSTALLATION OF UC-4 (UMBILICAL FROM ARZANAH ISLAND-EAST TO BH-03) | E8: UMBILICAL & CABLE LAYING VESSEL
A9: 5 | B9: 8405-DP-0205 | C9: KP0091-34-LAY-0205 | D9: DP SET- UP PLAN FOR VESSEL SAFEEN PRINCE DURING J-TUBE INSTALLATION AT IGD-E (KP-38) (16" J-TUBE FOR (CC-1) COMPOSITE CABLE FROM EAST ARZANAH ISLAND (SPLITTER BOX) TO IGD-E (KP-38)) | E9: SAFEEN PRINCE
A10: 6 | B10: 8405-DP-0206 | C10: CF0000-34-LAY-0206 | D10: DP SET- UP PLAN FOR UMBILICAL & CABLE LAYING VESSEL WHILE AT VESSEL ACCESS CHANNEL | E10: UMBILICAL & CABLE LAYING VESSEL
A11: 7 | B11: 8405-DP-0207 | C11: ST0101-34-LAY-0207 | D11: DP SET- UP PLAN FOR UMBILICAL & CABLE LAYING VESSEL DURING UMBILICAL INSTALLATION OF UC-1 (UMBILICAL FROM ARZANAH ISLAND-EAST TO SATAH WHP-10), AT SHALLOW WATER AREA | E11: UMBILICAL & CABLE LAYING VESSEL
A12: 8 | B12: 8405-DP-0101 | C12: KP0091-34-LAY-0101 | D12: DP SET- UP PLAN FOR BARGE SEP-450 DURING DECK EXTENSION AT IGD-E | E12: SEP-450

Sheet COMMISSION  - List of OTP 
C1: OPERATIONAL TEST PROCEDURES LIST
C5: ADNOC Document No.: CA0000-54-PRO-003 | R5: Rev.
C8: CONTRACTOR Document No.: 8405-PP-CM-006 | R8: A
A11: OTPs / ALL PLATFORMS
A14: OTPs - PLATFORM : BH-03
A15: Project Document Number | B15: ADNOC Document Number | C15: System Number | D15: Rev | E15: Sub-Systems | L15: Title | M15: OTP | N15: Vendor Required | O15: Commissioning Phase | P15: Discipline Custodian | Q15: Location | R15: Remarks
A16: 8405-BH0091-100-0001 | B16: BH0091-54-PRO-100-0001 | C16: BH0091-100 | D16: A01 | E16: 001 | L16: OTP for BH-03 to Arzanah 16" Gas Producer Sebsea Pipeline | M16: X | N16: No | O16: Stage 5 | P16: Process | Q16: Offshore
A17: 8405-HB0101-110-0001 | B17: BH0101-54-PRO-110-0001 | C17: BH0101-110 | D17: A01 | E17: 001 | F17: 005 | G17: 007 | H17: 009 | L17: OTP for Wellhead Control Panel (WHCP) & Wellheads | M17: X | N17: Yes | O17: Stage 2 | P17: Instrumentation | Q17: Onshore / Offshore
C18: BH0101-610 | D18: A01 | E18: 001 | F18: 002
A19: 8405-BH0101-401-0001 | B19: BH0101-54-PRO-401-0001 | C19: BH0101-401 | D19: A01 | E19: 001 | F19: 002 | G19: 004 | L19: OTP for Production Manifold & MPFM | M19: X | N19: Yes | O19: Stage 4 | P19: Process/Instrumentation | Q19: Onshore / Offshore
A20: 8405-BH0101-501-0001 | B20: BH0101-54-PRO-501-0001 | C20: BH0101-501 | D20: A01 | E20: 001 | L20: OTP for Nitrogen Distribution | M20: X | N20: No | O20: Stage 3 | P20: Mechanical | Q20: Onshore
A21: 8405-BH0101-502-0001 | B21: BH0101-54-PRO-502-0001 | C21: BH0101-502 | D21: A01 | E21: 001 | F21: 002 | G21: 003 | H21: 004 | I21: 005 | J21: 006 | L21: OTP for Chemical Injection | M21: X | N21: No | O21: Stage 3 | P21: Mechanical | Q21: Onshore / Offshore
A22: 8405-BH0101-511-0001 | B22: BH0101-54-PRO-511-0001 | C22: BH0101-511 | D22: A01 | E22: 001 | F22: 002 | L22: OTP for Hazardous Open Drains | M22: X | N22: No | O22: Stage 3 | P22: Mechanical | Q22: Onshore
A23: 8405-BH0101-512-0001 | B23: BH0101-54-PRO-512-0001 | C23: BH0101-512 | D23: A01 | E23: 001 | F23: 002 | L23: OTP for Closed Drains | M23: X | N23: No | O23: Stage 3 | P23: Mechanical | Q23: Onshore
A24: 8405-BH0101-601-0001 | B24: BH0101-54-PRO-601-0001 | C24: BH0101-601 | D24: A01 | E24: 001 | F24: 002 | L24: OTP for DCS System | M24: X | N24: Yes | O24: Stage 2 | P24: Instrumentation | Q24: Onshore / Offshore
A25: 8405-BH0101-602-0001 | B25: BH0101-54-PRO-602-0001 | C25: BH0101-602 | D25: A01 | E25: 001 | F25: 002 | L25: OTP for ESD System and Cause & Effect | M25: X | N25: Yes | O25: Stage 2 | P25: Instrumentation | Q25: Onshore / Offshore
A26: 8405-BH0101-603-0001 | B26: BH0101-54-PRO-603-0001 | C26: BH0101-603 | D26: A01 | E26: 001 | F26: 002 | G26: 003 | L26: OTP for F&G System and Cause & Effect | M26: X | N26: Yes | O26: Stage 2 | P26: Instrumentation | Q26: Onshore / Offshore
A27: 8405-BH0101-620-0001 | B27: BH0101-54-PRO-620-0001 | C27: BH0101-620 | D27: A01 | E27: 001 | L27: OTP for HIPPS System | M27: X | N27: Yes | O27: Stage 2 | P27: Instrumentation | Q27: Onshore
A28: 8405-BH0101-652-0001 | B28: BH0101-54-PRO-652-0001 | C28: BH0101-652 | D28: A01 | E28: 001 | L28: OTP for Telephone & Tetra System | M28: X | N28: Yes | O28: Stage 4 | P28: Telecom | Q28: Onshore / Offshore
A29: 8405-BH0101-653-0001 | B29: BH0101-54-PRO-653-0001 | C29: BH0101-653 | D29: A01 | E29: 001 | L29: OTP for CCTV System | M29: X | N29: Yes | O29: Stage 4 | P29: Telecom | Q29: Onshore / Offshore
A30: 8405-BH0101-701-0001 | B30: BH0101-54-PRO-701-0001 | C30: BH0101-701 | D30: A01 | E30: 001 | F30: 002 | L30: OTP for Firefighting System | M30: X | N30: No | O30: Stage 3 | P30: Mechanical | Q30: Onshore
A31: 8405-BH0091-800-0001 | B31: BH0091-54-PRO-8000-0001 | C31: BH0091-800 | D31: A01 | E31: 001 | L31: OTP for BH-03 to Arzanah Subsea Umbilical | M31: X | N31: Yes | O31: Stage 5 | P31: Electrical | Q31: Offshore
C32: BH0091-810 | D32: A01 | E32: 001
C33: BH0091-811 | D33: A01 | E33: 001
A34: 8405-BH0101-820-0001 | B34: BH0101-54-PRO-820-0001 | C34: BH0101-820 | D34: A01 | E34: 001 | L34: OTP for 6.6 KV Ring Main Unit | M34: X | N34: Yes | O34: Stage 1 | P34: Electrical | Q34: Onshore / Offshore
A35: 8405-BH0101-821-0001 | B35: BH0101-54-PRO-821-0001 | C35: BH0101-821 | D35: A01 | E35: 001 | L35: OTP for 6.6 KV / 433 V Transformer | M35: X | N35: Yes | O35: Stage 1 | P35: Electrical | Q35: Onshore / Offshore
A36: 8405-BH0101-830-0001 | B36: BH0101-54-PRO-830-0001 | C36: BH0101-830 | D36: A01 | E36: 001 | F36: 002 | G36: 003 | H36: 004 | I36: 005 | J36: 006 | L36: OTP for 415 V Switchboard & Small Power | M36: X | N36: Yes | O36: Stage 1 | P36: Electrical | Q36: Onshore
A37: 8405-BH0101-840-0001 | B37: BH0101-54-PRO-840-0001 | C37: BH0101-840 | D37: A01 | E37: 001 | F37: 002 | L37: OTP for 24 V DC UPS | M37: X | N37: Yes | O37: Stage 1 | P37: Electrical | Q37: Onshore
A38: 8405-BH0101-850-0001 | B38: BH0101-54-PRO-850-0001 | C38: BH0101-850 | D38: A01 | E38: 001 | L38: OTP for Electrical Control & Monitoring System (ECMS) | M38: X | N38: Yes | O38: Stage 1 | P38: Electrical | Q38: Onshore / Offshore
A39: 8405-BH0101-860-0001 | B39: BH0101-54-PRO-860-0001 | C39: BH0101-860 | D39: A01 | E39: 001 | L39: OTP for Navaids System | M39: X | N39: No | O39: Stage 4 | P39: Electrical | Q39: Onshore
A40: 8405-BH0101-861-0001 | B40: BH0101-54-PRO-861-0001 | C40: BH0101-861 | D40: A01 | E40: 001 | L40: OTP for Bird Deterrent System | M40: X | N40: No | O40: Stage 4 | P40: Electrical | Q40: Onshore
A41: OTPs - PLATFORM : HD-03
A42: Project Document Number | B42: ADNOC Document Number | C42: System Number | D42: Rev | E42: Sub-Systems | L42: Title | M42: OTP | N42: Vendor Required | O42: Commissioning Phase | P42: Discipline Custodian | R42: Remarks
A43: 8405-HD0091-100-0001 | B43: HD0091-54-PRO-100-0001 | C43: HD0091-100 | D43: A01 | E43: 001 | L43: OTP for HD-03 to HD-T4 12" Gas Producer Sebsea Pipeline | M43: X | N43: No | O43: Stage 5 | P43: Process | Q43: Offshore
A44: 8405-HD0101-110-0001 | B44: HD0101-54-PRO-110-0001 | C44: HD0101-110 | D44: A01 | E44: 001 | F44: 009 | L44: OTP for Wellhead Control Panel (WHCP) & Wellheads | M44: X | N44: Yes | O44: Stage 2 | P44: Instrumentation | Q44: Onshore / Offshore
C45: HD0101-610 | D45: A01 | E45: 001 | F45: 002
A46: 8405-HD0101-401-0001 | B46: HD0101-54-PRO-401-0001 | C46: HD0101-401 | D46: A01 | E46: 001 | F46: 002 | G46: 004 | L46: OTP for Production Manifold & MPFM | M46: X | N46: Yes | O46: Stage 4 | P46: Process/Instrumentation | Q46: Onshore / Offshore
A47: 8405-HD0101-501-0001 | B47: HD0101-54-PRO-501-0001 | C47: HD0101-501 | D47: A01 | E47: 001 | L47: OTP for Nitrogen Distribution | M47: X | N47: No | O47: Stage 3 | P47: Mechanical | Q47: Onshore
A48: 8405-HD0101-502-0001 | B48: HD0101-54-PRO-502-0001 | C48: HD0101-502 | D48: A01 | E48: 001 | F48: 002 | G48: 004 | H48: 005 | I48: 006 | L48: OTP for Chemical Injection | M48: X | N48: No | O48: Stage 3 | P48: Mechanical | Q48: Onshore / Offshore
A49: 8405-HD0101-511-0001 | B49: HD0101-54-PRO-511-0001 | C49: HD0101-511 | D49: A01 | E49: 001 | F49: 002 | L49: OTP for Hazardous Open Drains | M49: X | N49: No | O49: Stage 3 | P49: Mechanical | Q49: Onshore
A50: 8405-HD0101-512-0001 | B50: HD0101-54-PRO-512-0001 | C50: HD0101-512 | D50: A01 | E50: 001 | F50: 002 | L50: OTP for Closed Drains | M50: X | N50: No | O50: Stage 3 | P50: Mechanical | Q50: Onshore
A51: 8405-HD0101-601-0001 | B51: HD0101-54-PRO-601-0001 | C51: HD0101-601 | D51: A01 | E51: 001 | F51: 002 | L51: OTP for DCS System | M51: X | N51: Yes | O51: Stage 2 | P51: Instrumentation | Q51: Onshore / Offshore
A52: 8405-HD0101-602-0001 | B52: HD0101-54-PRO-602-0001 | C52: HD0101-602 | D52: A01 | E52: 001 | F52: 002 | L52: OTP for ESD System and Cause & Effect | M52: X | N52: Yes | O52: Stage 2 | P52: Instrumentation | Q52: Onshore / Offshore
A53: 8405-HD0101-603-0001 | B53: HD0101-54-PRO-603-0001 | C53: HD0101-603 | D53: A01 | E53: 001 | F53: 002 | G53: 003 | L53: OTP for F&G System and Cause & Effect | M53: X | N53: Yes | O53: Stage 2 | P53: Instrumentation | Q53: Onshore / Offshore
A54: 8405-HD0101-620-0001 | B54: HD0101-54-PRO-620-0001 | C54: HD0101-620 | D54: A01 | E54: 001 | L54: OTP for HIPPS System | M54: X | N54: Yes | O54: Stage 2 | P54: Instrumentation | Q54: Onshore
A55: 8405-HD0101-652-0001 | B55: HD0101-54-PRO-652-0001 | C55: HD0101-652 | D55: A01 | E55: 001 | L55: OTP for Telephone & Tetra System | M55: X | N55: Yes | O55: Stage 4 | P55: Telecom | Q55: Onshore / Offshore
A56: 8405-HD0101-653-0001 | B56: HD0101-54-PRO-653-0001 | C56: HD0101-653 | D56: A01 | E56: 001 | L56: OTP for CCTV System | M56: X | N56: Yes | O56: Stage 4 | P56: Telecom | Q56: Onshore / Offshore
A57: 8405-HD0101-701-0001 | B57: HD0101-54-PRO-701-0001 | C57: HD0101-701 | D57: A01 | E57: 001 | F57: 002 | L57: OTP for Firefighting System | M57: X | N57: No | O57: Stage 3 | P57: Mechanical | Q57: Onshore
A58: 8405-HD0091-800-0001 | B58: HD0091-54-PRO-800-0001 | C58: HD0091-800 | D58: A01 | E58: 001 | L58: OTP for HD-03 to HD-T4 Subsea Umbilical | M58: X | N58: Yes | O58: Stage 5 | P58: Electrical | Q58: Offshore
C59: HD0091-810 | D59: A01 | E59: 001
C60: HD0091-811 | D60: A01 | E60: 001
A61: 8405-HD0101-820-0001 | B61: HD0101-54-PRO-820-0001 | C61: HD0101-820 | D61: A01 | E61: 001 | L61: OTP for 6.6 KV Ring Main Unit | M61: X | N61: Yes | O61: Stage 1 | P61: Electrical | Q61: Onshore / Offshore
A62: 8405-HD0101-821-0001 | B62: HD0101-54-PRO-821-0001 | C62: HD0101-821 | D62: A01 | E62: 001 | L62: OTP for 6.6 KV / 433 V Transformer | M62: X | N62: Yes | O62: Stage 1 | P62: Electrical | Q62: Onshore / Offshore
A63: 8405-HD0101-830-0001 | B63: HD0101-54-PRO-830-0001 | C63: HD0101-830 | D63: A01 | E63: 001 | F63: 002 | G63: 003 | H63: 004 | I63: 005 | J63: 006 | L63: OTP for 415 V Switchboard & Small Power | M63: X | N63: Yes | O63: Stage 1 | P63: Electrical | Q63: Onshore
A64: 8405-HD0101-840-0001 | B64: HD0101-54-PRO-840-0001 | C64: HD0101-840 | D64: A01 | E64: 001 | F64: 002 | L64: OTP for 24 V DC UPS | M64: X | N64: Yes | O64: Stage 1 | P64: Electrical | Q64: Onshore
A65: 8405-HD0101-850-0001 | B65: HD0101-54-PRO-850-0001 | C65: HD0101-850 | D65: A01 | E65: 001 | L65: OTP for Electrical Control & Monitoring System (ECMS) | M65: X | N65: Yes | O65: Stage 1 | P65: Electrical | Q65: Onshore / Offshore
A66: 8405-HD0101-860-0001 | B66: HD0101-54-PRO-860-0001 | C66: HD0101-860 | D66: A01 | E66: 001 | L66: OTP for Navaids System | M66: X | N66: No | O66: Stage 4 | P66: Electrical | Q66: Onshore
A67: 8405-HD0101-861-0001 | B67: HD0101-54-PRO-861-0001 | C67: HD0101-861 | D67: A01 | E67: 001 | L67: OTP for Bird Deterrent System | M67: X | N67: No | O67: Stage 4 | P67: Electrical | Q67: Onshore
A68: OTPs - PLATFORM : HD-T4
A69: Project Document Number | B69: ADNOC Document Number | C69: System Number | D69: Rev | E69: Sub-Systems | L69: Title | M69: OTP | N69: Vendor Required | O69: Commissioning Phase | P69: Discipline Custodian | R69: Remarks
A70: 8405-HD0091-101-0001 | B70: HD0091-54-PRO-101-0001 | C70: HD0091-101 | D70: A01 | E70: 001 | L70: OTP for HD-T4 to Arzanah 16" Gas Producer Sebsea Pipeline | M70: X | N70: No | O70: Stage 5 | P70: Process | Q70: Offshore
A71: 8405-HD0201-110-0001 | B71: HD0201-54-PRO-110-0001 | C71: HD0201-110 | D71: A01 | E71: 001 | F71: 002 | G71: 003 | L71: OTP for Wellhead Control Panel (WHCP) & Wellheads | M71: X | N71: Yes | O71: Stage 2 | P71: Instrumentation | Q71: Onshore / Offshore
C72: HD0201-610 | D72: A01 | E72: 001 | F72: 002
A73: 8405-HD0201-401-0001 | B73: HD0201-54-PRO-401-0001 | C73: HD0201-401 | D73: A01 | E73: 001 | F73: 002 | G73: 003 | H73: 004 | L73: OTP for Production Manifold & MPFM | M73: X | N73: Yes | O73: Stage 4 | P73: Process/Instrumentation | Q73: Onshore / Offshore
A74: 8405-HD0201-501-0001 | B74: HD0201-54-PRO-501-0001 | C74: HD0201-501 | D74: A01 | E74: 001 | L74: OTP for Nitrogen Distribution | M74: X | N74: No | O74: Stage 3 | P74: Mechanical | Q74: Onshore
A75: 8405-HD0201-502-0001 | B75: HD0201-54-PRO-502-0001 | C75: HD0201-502 | D75: A01 | E75: 001 | F75: 002 | G75: 004 | H75: 005 | I75: 006 | L75: OTP for Chemical Injection | M75: X | N75: No | O75: Stage 3 | P75: Mechanical | Q75: Onshore / Offshore
A76: 8405-HD0201-511-0001 | B76: HD0201-54-PRO-511-0001 | C76: HD0201-511 | D76: A01 | E76: 001 | F76: 002 | L76: OTP for Hazardous Open Drains | M76: X | N76: No | O76: Stage 3 | P76: Mechanical | Q76: Onshore
A77: 8405-HD0201-512-0001 | B77: HD0201-54-PRO-512-0001 | C77: HD0201-512 | D77: A01 | E77: 001 | F77: 002 | L77: OTP for Closed Drains | M77: X | N77: No | O77: Stage 3 | P77: Mechanical | Q77: Onshore
A78: 8405-HD0201-601-0001 | B78: HD0201-54-PRO-601-0001 | C78: HD0201-601 | D78: A01 | E78: 001 | F78: 002 | L78: OTP for DCS System | M78: X | N78: Yes | O78: Stage 2 | P78: Instrumentation | Q78: Onshore / Offshore
A79: 8405-HD0201-602-0001 | B79: HD0201-54-PRO-602-0001 | C79: HD0201-602 | D79: A01 | E79: 001 | F79: 002 | L79: OTP for ESD System and Cause & Effect | M79: X | N79: Yes | O79: Stage 2 | P79: Instrumentation | Q79: Onshore / Offshore
A80: 8405-HD0201-603-0001 | B80: HD0201-54-PRO-603-0001 | C80: HD0201-603 | D80: A01 | E80: 001 | F80: 002 | G80: 003 | L80: OTP for F&G System and Cause & Effect | M80: X | N80: Yes | O80: Stage 2 | P80: Instrumentation | Q80: Onshore / Offshore
A81: 8405-HD0201-620-0001 | B81: HD0201-54-PRO-620-0001 | C81: HD0201-620 | D81: A01 | E81: 001 | L81: OTP for HIPPS System | M81: X | N81: Yes | O81: Stage 2 | P81: Instrumentation | Q81: Onshore
A82: 8405-HD0201-652-0001 | B82: HD0201-54-PRO-652-0001 | C82: HD0201-652 | D82: A01 | E82: 001 | L82: OTP for Telephone & Tetra System | M82: X | N82: Yes | O82: Stage 4 | P82: Telecom | Q82: Onshore / Offshore
A83: 8405-HD0201-653-0001 | B83: HD0201-54-PRO-653-0001 | C83: HD0201-653 | D83: A01 | E83: 001 | L83: OTP for CCTV System | M83: X | N83: Yes | O83: Stage 4 | P83: Telecom | Q83: Onshore / Offshore
A84: 8405-HD0201-701-0001 | B84: HD0201-54-PRO-701-0001 | C84: HD0201-701 | D84: A01 | E84: 001 | F84: 002 | L84: OTP for Firefighting System | M84: X | N84: No | O84: Stage 3 | P84: Mechanical | Q84: Onshore
A85: 8405-HD0091-801-0001 | B85: HD0091-54-PRO-801-0001 | C85: HD0091-801 | D85: A01 | E85: 001 | L85: OTP for HD-T4 to Arzanah Subsea Umbilical | M85: X | N85: Yes | O85: Stage 5 | P85: Electrical | Q85: Offshore
C86: HD0091-812 | D86: A01 | E86: 001
C87: HD0091-813 | D87: A01 | E87: 001
A88: 8405-HD0201-820-0001 | B88: HD0201-54-PRO-820-0001 | C88: HD0201-820 | D88: A01 | E88: 001 | L88: OTP for 6.6 KV Ring Main Unit | M88: X | N88: Yes | O88: Stage 1 | P88: Electrical | Q88: Onshore / Offshore
A89: 8405-HD0201-821-0001 | B89: HD0201-54-PRO-821-0001 | C89: HD0201-821 | D89: A01 | E89: 001 | L89: OTP for 6.6 KV / 433 V Transformer | M89: X | N89: Yes | O89: Stage 1 | P89: Electrical | Q89: Onshore / Offshore
A90: 8405-HD0201-830-0001 | B90: HD0201-54-PRO-830-0001 | C90: HD0201-830 | D90: A01 | E90: 001 | F90: 002 | G90: 003 | H90: 004 | I90: 005 | J90: 006 | L90: OTP for 415 V Switchboard & Small Power | M90: X | N90: Yes | O90: Stage 1 | P90: Electrical | Q90: Onshore
A91: 8405-HD0201-840-0001 | B91: HD0201-54-PRO-840-0001 | C91: HD0201-840 | D91: A01 | E91: 001 | F91: 002 | L91: OTP for 24 V DC UPS | M91: X | N91: Yes | O91: Stage 1 | P91: Electrical | Q91: Onshore
A92: 8405-HD0201-850-0001 | B92: HD0201-54-PRO-850-0001 | C92: HD0201-850 | D92: A01 | E92: 001 | L92: OTP for Electrical Control & Monitoring System (ECMS) | M92: X | N92: Yes | O92: Stage 1 | P92: Electrical | Q92: Onshore / Offshore
A93: 8405-HD0201-860-0001 | B93: HD0201-54-PRO-860-0001 | C93: HD0201-860 | D93: A01 | E93: 001 | L93: OTP for Navaids System | M93: X | N93: No | O93: Stage 4 | P93: Electrical | Q93: Onshore
A94: 8405-HD0201-861-0001 | B94: HD0201-54-PRO-861-0001 | C94: HD0201-861 | D94: A01 | E94: 001 | L94: OTP for Bird Deterrent System | M94: X | N94: No | O94: Stage 4 | P94: Electrical | Q94: Onshore
A95: OTPs - PLATFORM : SATAH WHP-10
A96: Project Document Number | B96: ADNOC Document Number | C96: System Number | D96: Rev | E96: Sub-Systems | L96: Title | M96: OTP | N96: Vendor Required | O96: Commissioning Phase | P96: Discipline Custodian | R96: Remarks
A97: 8405-ST0091-100-0001 | B97: ST0091-54-PRO-100-0001 | C97: ST0091-100 | D97: A01 | E97: 001 | L97: OTP for WHP10 to Arzanah 16" Gas Producer Sebsea Pipeline | M97: X | N97: No | O97: Stage 5 | P97: Process | Q97: Offshore
A98: 8405-ST0101-110-0001 | B98: ST0101-54-PRO-110-0001 | C98: ST0101-110 | D98: A01 | E98: 003 | F98: 005 | G98: 006 | L98: OTP for Wellhead Control Panel (WHCP) & Wellheads | M98: X | N98: Yes | O98: Stage 2 | P98: Instrumentation | Q98: Onshore / Offshore
C99: ST0101-610 | D99: A01 | E99: 001 | F99: 002
A100: 8405-ST0101-401-0001 | B100: ST0101-54-PRO-401-0001 | C100: ST0101-401 | D100: A01 | E100: 001 | F100: 002 | G100: 004 | L100: OTP for Production Manifold & MPFM | M100: X | N100: Yes | O100: Stage 4 | P100: Process/Instrumentation | Q100: Onshore / Offshore
A101: 8405-ST0101-501-0001 | B101: ST0101-54-PRO-501-0001 | C101: ST0101-501 | D101: A01 | E101: 001 | L101: OTP for Nitrogen Distribution | M101: X | N101: No | O101: Stage 3 | P101: Mechanical | Q101: Onshore
A102: 8405-ST0101-502-0001 | B102: ST0101-54-PRO-502-0001 | C102: ST0101-502 | D102: A01 | E102: 001 | F102: 002 | G102: 004 | H102: 005 | I102: 006 | L102: OTP for Chemical Injection | M102: X | N102: No | O102: Stage 3 | P102: Mechanical | Q102: Onshore / Offshore
A103: 8405-ST0101-511-0001 | B103: ST0101-54-PRO-511-0001 | C103: ST0101-511 | D103: A01 | E103: 001 | F103: 002 | L103: OTP for Hazardous Open Drains | M103: X | N103: No | O103: Stage 3 | P103: Mechanical | Q103: Onshore
A104: 8405-ST0101-512-0001 | B104: ST0101-54-PRO-512-0001 | C104: ST0101-512 | D104: A01 | E104: 001 | F104: 002 | L104: OTP for Closed Drains | M104: X | N104: No | O104: Stage 3 | P104: Mechanical | Q104: Onshore
A105: 8405-ST0101-601-0001 | B105: ST0101-54-PRO-601-0001 | C105: ST0101-601 | D105: A01 | E105: 001 | F105: 002 | L105: OTP for DCS System | M105: X | N105: Yes | O105: Stage 2 | P105: Instrumentation | Q105: Onshore / Offshore
A106: 8405-ST0101-602-0001 | B106: ST0101-54-PRO-602-0001 | C106: ST0101-602 | D106: A01 | E106: 001 | F106: 002 | L106: OTP for ESD System and Cause & Effect | M106: X | N106: Yes | O106: Stage 2 | P106: Instrumentation | Q106: Onshore / Offshore
A107: 8405-ST0101-603-0001 | B107: ST0101-54-PRO-603-0001 | C107: ST0101-603 | D107: A01 | E107: 001 | F107: 002 | G107: 003 | L107: OTP for F&G System and Cause & Effect | M107: X | N107: Yes | O107: Stage 2 | P107: Instrumentation | Q107: Onshore / Offshore
A108: 8405-ST0101-620-0001 | B108: ST0101-54-PRO-620-0001 | C108: ST0101-620 | D108: A01 | E108: 001 | L108: OTP for HIPPS System | M108: X | N108: Yes | O108: Stage 2 | P108: Instrumentation | Q108: Onshore
A109: 8405-ST0101-652-0001 | B109: ST0101-54-PRO-652-0001 | C109: ST0101-652 | D109: A01 | E109: 001 | L109: OTP for Telephone & Tetra System | M109: X | N109: Yes | O109: Stage 4 | P109: Telecom | Q109: Onshore / Offshore
...

Sheet P6_List_Final
F1: EPC FOR DALMA GAS DEVELOPMENT PROJECT PACKAGE-A (OFFSHORE FACILITIES)
F2: PROJECT DELIVERABLES REGISTER
A3: COMPANY Project No. | F3: COMPANY DOC. No. CA0000-59-REG-0001 | I3: REV
A4: P4331432
A5: CONTRACTOR Project No. | F5: CONTRACTOR DOC. No. 8405-PP-GE-001 | I5: 01
A6: 8405
A7: SECTION | B7: COMPANY DOCUMENT No. | C7: ID2 | D7: ID4 | E7: ID5 | F7: CONTRACTOR DOCUMENT No. | G7: TITLE / DESCRIPTION | H7: DOCUMENT CLASS | I7: 1ST REVISION ISSUANCE PLANNED DATE | J7: ACTUAL DATE | K7: 2ND REVISION ISSUANCE PLANNED DATE | L7: ACTUAL DATE | M7: 3RD REVISION ISSUANCE PLANNED DATE | N7: ACTUAL DATE | O7: DOCUMENT CLASS
A8: A | B8: PROJECT MANAGEMENT
A9: A.1 | B9: PROJECT GENERAL
A10: A.1.1 | B10: CA0000-59-REG-0001 | C10: GDVPJ1000 | D10: GDVPJ1005 | E10: GDVPJ1010 | F10: 8405-PP-GE-001 | G10: PROJECT DELIVERABLES REGISTER | H10: 1 | I10: 44560 | J10: 44560 | K10: 44624 | M10: 44645 | O10: 1
A11: A.1.2 | B11: CA0000-59-PLN-0001 | C11: GDVPJ1015 | D11: GDVPJ1020 | E11: GDVPJ1025 | F11: 8405-PP-GE-002 | G11: PROJECT EXECUTION PLAN | H11: 1 | I11: 44573 | J11: 44572 | K11: 44601 | L11: 44595 | M11: 44643 | O11: 1
A12: A.1.3 | B12: CA0000-59-PRO-0001 | C12: GDVPJ1030 | D12: GDVPJ1035 | E12: GDVPJ1040 | F12: 8405-PP-GE-003 | G12: PROJECT COORDINATION & COMMUNICATION PROCEDURE | H12: 1 | I12: 44601 | J12: 44599 | K12: 44629 | M12: 44655 | O12: 1
A13: A.1.4 | B13: CA0000-59-PRO-0002 | C13: GDVPJ1045 | D13: GDVPJ1050 | E13: GDVPJ1055 | F13: 8405-PP-GE-004 | G13: PROJECT DOCUMENT CONTROL PROCEDURE | H13: 1 | I13: 44582 | J13: 44560 | K13: 44617 | L13: 44615 | M13: 44642 | O13: 1
A14: A.1.5 | B14: CA0000-59-PLN-0002 | C14: GDVPJ1060 | D14: GDVPJ1065 | E14: GDVPJ1070 | F14: 8405-PP-GE-005 | G14: PROJECT INTERFACE MANAGEMENT PLAN | H14: 2 | I14: 44603 | J14: 44572 | K14: 44624 | L14: 44608 | M14: 44642 | O14: 2
A15: A.1.6 | B15: CA0000-59-REG-0002 | C15: GDVPJ1090 | D15: GDVPJ1095 | E15: GDVPJ1100 | F15: 8405-PP-GE-006 | G15: PROJECT RISK REGISTER | H15: 2 | I15: 44643 | K15: 44649 | M15: 44662 | O15: 2
A16: A.1.7 | B16: CA0000-59-PRO-0011 | C16: GDVPT1065 | D16: GDVPT1075 | E16: GDVPT1085 | F16: 8405-PP-GE-007 | G16: VENDOR DOCUMENT MANAGEMENT PROCEDURE | H16: 1 | I16: 44692 | K16: 44727 | M16: 44760 | O16: 1
A17: A.1.8 | B17: CA0000-59-PRO-0004 | C17: GDVPJ1075 | D17: GDVPJ1080 | E17: GDVPJ1085 | F17: 8405-PP-GE-008 | G17: PROJECT RISK MANAGEMENT PROCEDURE | H17: 1 | I17: 44589 | J17: 44575 | K17: 44614 | L17: 44613 | M17: 44635 | O17: 1
A18: A.1.9 | B18: CA0000-50-REP-0002 | C18: GDVPJ1240 | D18: GDVPJ1245 | E18: GDVPJ1310 | F18: 8405-PP-GE-029 | G18: PROJECT RISK CLOSE-OUT REPORT | H18: 1 | I18: 45532 | K18: 45561 | M18: 45708 | O18: 1
A19: A.1.10 | B19: CA0000-50-PRO-0008 | F19: 8405-PP-GE-037 | G19: TOR / PROCEDURE FOR PROJECT RISK ASSESSMENT WORKSHOP | H19: 1 | I19: 44609 | O19: 1
A20: A.1.11 | B20: CA0000-59-PLN-0003 | C20: GDVPJ1105 | D20: GDVPJ1110 | E20: GDVPJ1115 | F20: 8405-PP-GE-009 | G20: PROJECT SUBCONTRACT PLAN | H20: 1 | I20: 44575 | J20: 44581 | K20: 44620 | M20: 44648 | O20: 1
A21: A.1.12 | B21: CA0000-59-PLN-0004 | C21: GDVPJ1120 | D21: GDVPJ1125 | E21: GDVPJ1130 | F21: 8405-PP-GE-010 | G21: ASSET INTEGRITY MANAGEMENT PLAN | H21: 1 | I21: 44631 | K21: 44673 | M21: 44706 | O21: 1
A22: A.1.13 | B22: CA0000-59-PRO-0005 | C22: GDVPJ1290 | D22: GDVPJ1300 | E22: GDVPJ1250 | F22: 8405-PP-GE-011 | G22: FINAL DOCUMENTATION HANDOVER PROCEDURE | H22: 1 | I22: 45187 | K22: 45216 | M22: 45244 | O22: 1
A23: A.1.14 | B23: CA0000-59-PRO-0006 | C23: GDVPJ1135 | D23: GDVPJ1140 | E23: GDVPJ1145 | F23: 8405-PP-GE-012 | G23: CONSTRUCTABILITY WORKSHOP PROCEDURE | H23: 1 | I23: 44732 | K23: 44760 | M23: 44791 | O23: 1
A24: A.1.15 | B24: CA0000-59-REP-0002 | F24: 8405-PP-GE-035 | G24: CONSTRUCTABILITY WORKSHOP REPORT | H24: 1 | I24: 44739 | O24: 1
A25: A.1.16 | B25: CA0000-59-REP-0003 | F25: 8405-PP-GE-036 | G25: CONSTRUCTABILITY WORKSHOP CLOSE-OUT REPORT | H25: 1 | I25: 44757 | O25: 1
A26: A.1.17 | B26: CA0000-59-PRO-0007 | C26: GDVPJ1150 | D26: GDVPJ1155 | E26: GDVPJ1160 | F26: 8405-PP-GE-013 | G26: PROJECT MATERIAL MANAGEMENT PROCEDURE | H26: 1 | I26: 44601 | J26: 44592 | K26: 44643 | M26: 44671 | O26: 1
A27: A.1.18 | B27: CA0000-59-REG-0003 | C27: GDVPJ1165 | D27: GDVPJ1170 | E27: GDVPJ1175 | F27: 8405-PP-GE-014 | G27: PROJECT INTERFACE REGISTER | H27: 2 | I27: 44589 | J27: 44582 | K27: 44617 | L27: 44636 | M27: 44649 | O27: 2
A28: A.1.19 | B28: CA0000-59-PRO-0008 | C28: GDVPJ1180 | D28: GDVPJ1185 | E28: GDVPJ1190 | F28: 8405-PP-GE-015 | G28: DESIGN DEVIATION / CONCESSION REQUEST AUTHORIZATION (DCA) PROCEDURE | H28: 1 | I28: 44608 | J28: 44596 | K28: 44631 | M28: 44652 | O28: 1
A29: A.1.20 | B29: CA0000-59-GDD-0001 | C29: GDVPJ1195 | D29: GDVPJ1200 | E29: GDVPJ1205 | F29: 8405-PP-GE-016 | G29: PROJECT PROCEDURE FOR NOTIFICATION TO SITE OF CHANGE (NSC) | H29: 1 | I29: 44608 | J29: 44606 | K29: 44629 | M29: 44650 | O29: 1
A30: A.1.21 | B30: CA0000-89-REP-0001 | F30: 8405-PP-GE-017 | G30: PROJECT CLOSE OUT REPORT | H30: 2 | I30: 44793 | O30: 2
A31: A.1.22 | B31: CA0000-59-COD-0001 | F31: 8405-PP-GE-038 | G31: PROJECT COMPLETION DOSSIER | H31: 1 | I31: 44793 | O31: 1
A32: A.1.23 | B32: CA0000-59-PRO-0009 | F32: 8405-PP-GE-039 | G32: AS-BUILT DOCUMENTATION PROCEDURE | H32: 1 | I32: 45347 | O32: 1
A33: A.1.24 | B33: CA0000-59-PLN-0005 | C33: GDVPJ1260 | D33: GDVPJ1270 | E33: GDVPJ1280 | F33: 8405-PP-GE-018 | G33: LOGISTICS MANAGEMENT PLAN | H33: 3 | I33: 44739 | K33: 44767 | M33: 44788 | O33: 3
A34: A.1.25 | B34: CA0000-50-PRO-0009 | F34: 8405-PP-GE-033 | G34: LESSON LEARNT PROCEDURE | H34: 1 | I34: 44593 | O34: 1
A35: A.1.26 | B35: CA0000-59-REG-0004 | C35: GDVPJ1210 | D35: GDVPJ1215 | E35: GDVPJ1220 | F35: 8405-PP-GE-019 | G35: LESSON LEARNT REGISTER | H35: 2 | I35: 44610 | K35: 44638 | M35: 44666 | O35: 2
A36: A.1.27 | B36: CA0000-89-REP-0002 | C36: GDVPJ1225 | D36: GDVPJ1230 | E36: GDVPJ1235 | F36: 8405-PP-GE-020 | G36: LESSON LEARNT WORKSHOP REPORT | H36: 2 | I36: 44671 | J36: 44617 | K36: 44699 | M36: 44727 | O36: 2
A37: A.1.28 | B37: CA0000-54-MAN-001 | F37: 8405-PP-CM-033 | G37: Operating Manuals (Various documents) | H37: 2 | I37: 45524 | O37: 2
A38: A.1.29 | B38: CA0000-54-MAN-002 | F38: 8405-PP-CM-034 | G38: INSTALLATION AND MAINTENANCE MANUALS (VARIOUS DOCUMENTS) | H38: 2 | I38: 45524 | O38: 2
A39: A.1.30 | B39: CA0000-59-MAN-001 | F39: 8405-PP-GE-040 | G39: CERTIFICATION MANUAL (THIS DOCUMENT ALREADY SEND THRU LETTER NO. 8405-NPCC-A-L-0059 DATED 22-02-22 | H39: 3 | I39: 44614 | O39: 3
A40: A.1.31 | B40: CA0000-59-MAN-002 | F40: 8405-PP-GE-041 | G40: INDEXES FOR FINAL DOCUMENTATION MANUALS | H40: 3 | I40: 45458 | O40: 3
A41: A.1.32 | B41: CA0000-52-PLN-008 | F41: 8405-PP-HS-023 | G41: TRAINING PLAN | H41: 3 | I41: 45433 | O41: 3
A42: A.1.33 | B42: CA0000-58-GDD-0001 | F42: 8405-PP-PR-012 | G42: CONTRACT ORGANIZATION AND MANNING, ORGANIZATION CHARTS | H42: 1 | I42: 44578 | O42: 1
A43: A.1.2 | B43: PROJECT CONTROL
A44: A.1.2.1 | B44: CA0000-50-PRO-0001 | C44: GDVPC1005 | D44: GDVPC1010 | E44: GDVPC1015 | F44: 8405-PP-GE-021 | G44: PLANNING & SCHEDULING PROCEDURE | H44: 1 | I44: 44574 | J44: 44571 | K44: 44602 | L44: 44599 | M44: 44623 | N44: 44624 | O44: 1
A45: A.1.2.2 | B45: CA0000-50-PRO-0002 | C45: GDVPC1020 | D45: GDVPC1025 | E45: GDVPC1030 | F45: 8405-PP-GE-022 | G45: PROGRESS MEASUREMENT PROCEDURE | H45: 1 | I45: 44572 | J45: 44568 | K45: 44600 | L45: 44613 | M45: 44623 | N45: 44624 | O45: 1
A46: A.1.2.3 | B46: CA0000-50-GDD-0001 | C46: GDVPC1050 | D46: GDVPC1055 | E46: GDVPC1060 | F46: 8405-PP-GE-023 | G46: PROJECT PLANNING PACKAGE | H46: 1 | I46: 44596 | J46: 44599 | K46: 44620 | L46: 44618 | M46: 44629 | O46: 1
A47: A.1.2.4 | B47: CA0000-50-REP-0001 | C47: GDVPC1085 | D47: GDVPC1090 | E47: GDVPC1095 | F47: 8405-PP-GE-024 | G47: QUARTERLY SCHEDULE RISK ANALYSIS REPORT | H47: 1 | I47: 44680 | K47: 44713 | M47: 44741 | O47: 1
A48: A.1.2.5 | B48: CA0000-50-PRO-0003 | C48: GDVPC1115 | D48: GDVPC1120 | E48: GDVPC1125 | F48: 8405-PP-GE-025 | G48: MANAGEMENT OF CHANGE PROCEDURE | H48: 1 | I48: 44602 | J48: 44599 | K48: 44652 | M48: 44706 | O48: 1
A49: A.1.2.6 | B49: CA0000-50-SCH-0001 | C49: GDVPC1000 | D49: GDVPC1000 | E49: GDVPC1000 | F49: 8405-PP-GE-030 | G49: 30/90 DAYS FRONT END SCHEDULES | H49: 3 | I49: 44557 | J49: 44557 | K49: 44557 | L49: 44597 | M49: 44557 | N49: 44597 | O49: 3
A50: A.1.2.7 | B50: CA0000-50-PRO-0004 | F50: 8405-PP-GE-027 | G50: PROJECT CONTRACT TRENDING PROCEDURE | H50: 1 | I50: 44575 | O50: 1
A51: A.1.2.8 | B51: CA0000-50-PRO-0005 | C51: GDVPC1065 | D51: GDVPC1070 | E51: GDVPC1075 | F51: 8405-PP-GE-028 | G51: INVOICING PROCEDURE | H51: 2 | I51: 44589 | J51: 44571 | K51: 44617 | L51: 44607 | M51: 44645 | N51: 44615 | O51: 2
A52: A.1.2.9 | B52: CA0000-50-PRO-0006 | C52: GDVPC1035 | D52: GDVPC1040 | E52: GDVPC1045 | F52: 8405-PP-GE-031 | G52: PROGRESS REPORTING & PROGRESS REVIEW/CERTIFICATION PROCEDURE | H52: 1 | I52: 44568 | J52: 44568 | K52: 44596 | L52: 44602 | M52: 44624 | N52: 44624 | O52: 1
A53: A.1.2.10 | B53: CA0000-50-PRO-0007 | C53: GDVPC1080 | D53: GDVPC1080 | E53: GDVPC1080 | F53: 8405-PP-GE-032 | G53: SCHEDULE RISK ANALYSIS PROCEDURE | H53: 1 | I53: 44596 | J53: 44601 | K53: 44644 | L53: 44627 | M53: 44644 | O53: 1
A54: A.1.2.11 | B54: CA0000-54-SCH-0001 | F54: 8405-PP-CM-035 | G54: DETAILED PRE-COMMISSIONING / COMMISSIONING & START UP SCHEDULES | H54: 1 | I54: 45061 | O54: 1
A55: A.1.2.12 | B55: CA0000-58-SCH-0001 | F55: 8405-PP-PR-013 | G55: DETAILED CONSTRUCTION / MECHANICAL COMPLETION SCHEDULE | H55: 2 | I55: 44795 | O55: 2
A56: A.1.2.13 | B56: CA0000-50-REP-00XX | F56: 8405-WPR-0XX | G56: WEEKLY PROGRESS REPORTS | H56: 3 | O56: 3
A57: A.1.2.14 | B57: CA0000-50-REP-3-00XX | F57: 8405-MPR-0XX | G57: MONTHLY PROGRESS REPORTS | H57: 3 | O57: 3
A58: A.1.2.15 | B58: CA0000-58-PLN-0002 | F58: 8405-PP-PR-014 | G58: RECOVERY PLANS | H58: 2 | O58: 2
A59: A.1.2.16 | B59: CA0000-59-PRO-0010 | F59: 8405-PP-GE-042 | G59: ASSET REGISTER PROCEDURE | H59: 1 | I59: 44673 | O59: 1
A60: A.1.2.17 | B60: CA0000-59-REG-0005 | F60: 8405-PP-GE-043 | G60: ASSET REGISTER | H60: 2 | I60: 44701 | O60: 2
B61: CONTRACTS
A62: A.1.2.20 | B62: CA0000-58-GDD-0003 | F62: 8405-PP-PR-015 | G62: PERFORMANCE BANK GUARANTEE | H62: 1 | O62: 1
A63: A.1.2.21 | B63: CA0000-58-GDD-0004 | F63: 8405-PP-PR-016 | G63: ADVANCE PAYMENT BOND | H63: 1 | O63: 1
A64: A.1.2.22 | B64: CA0000-58-GDD-0005 | F64: 8405-PP-PR-017 | G64: INSURANCE POLICIES/CERTIFICATES (CONTRACTOR AND SUBCONTRACTOR) | H64: 1 | O64: 1
A65: A.1.2.23 | B65: CA0000-59-REP-0004 | F65: 8405-PP-GE-044 | G65: SUBCONTRACTOR’S PERFORMANCE FEEDBACK REPORT | H65: 3 | O65: 3
A66: A.1.2.24 | B66: CA0000-59-GDD-0006 | F66: 8405-PP-GE-045 | G66: UNPRICED COPY SUBCONTRACT AGREEMENTS (WILL BE DEVELOPED SEPARATELY FOR ALL S/C) | H66: 3 | O66: 3
A67: A.1.3 | B67: PROCUREMENT
A68: A.1.3.1 | B68: CA0000-58-PLN-0001 | C68: GDVPT1000 | D68: GDVPT1005 | E68: GDVPT1010 | F68: 8405-PP-PR-001 | G68: PROJECT PROCUREMENT PLAN | H68: 2 | I68: 44596 | J68: 44578 | K68: 44631 | M68: 44652 | O68: 2
A69: A.1.3.2 | B69: CA0000-58-PVL-0001 | C69: GDVPT1015 | D69: GDVPT1020 | E69: GDVPT1025 | F69: 8405-PP-PR-002 | G69: PROJECT VENDOR LIST (PVL) | H69: 1 | I69: 44603 | J69: 44573 | K69: 44631 | M69: 44655 | O69: 1
A70: A.1.3.3 | B70: CA0000-58-PRO-0003 | F70: 8405-PP-PR-007 | G70: VENDOR PRE-QUALIFICATION PROCEDURES | H70: 1 | O70: 1
A71: A.1.3.4 | B71: CA0000-58-LST-0001 | C71: GDVPT1030 | D71: GDVPT1035 | E71: GDVPT1040 | F71: 8405-PP-PR-003 | G71: LIST OF LONG LEAD ITEM (LLIS) | H71: 2 | I71: 44631 | K71: 44666 | M71: 44699 | O71: 2
A72: A.1.3.5 | B72: CA0000-58-GDD-0002 | F72: 8405-PP-PR-008 | G72: AWARD RECOMMENDATIONS | H72: 1 | O72: 1
A73: A.1.3.6 | B73: CA0000-58-PAR-0001 | F73: 8405-PP-PR-009 | G73: UNPRICED PURCHASE ORDERS | H73: 3 | O73: 3
A74: A.1.3.7 | B74: CA0000-58-PRO-0006 | F74: 8405-PP-PR-018 | G74: EXPEDITING PROCEDURE | H74: 2 | I74: 44666 | O74: 2
A75: A.1.3.8 | B75: CA0000-58-PRO-0001 | C75: GDVPT1045 | D75: GDVPT1050 | E75: GDVPT1055 | F75: 8405-PP-PR-004 | G75: VENDOR INSPECTION COORDINATION PROCEDURE | H75: 3 | I75: 44659 | J75: 44608 | K75: 44699 | M75: 44721 | O75: 3
A76: A.1.3.9 | B76: CA0000-58-LST-0002 | F76: 8405-PP-PR-005 | G76: PROJECT SUBCONTRACTORS LIST (PSL) | H76: 2 | I76: 44571 | O76: 2
A77: A.1.3.10 | B77: CA0000-58-PRO-0002 | F77: 8405-PP-PR-006 | G77: VENDOR PREQUALIFICATION PROCEDURE | H77: 2 | I77: 44563 | O77: 2
A78: A.1.3.11 | B78: CA0000-58-TBE-0001 | F78: 8405-PP-PR-010 | G78: TECHNICAL BID EVALUATION REPORTS (MULTIPLE DOCUMENTS) | H78: 2 | O78: 2
A79: A.1.3.12 | B79: CA0000-58-REP-0001 | F79: 8405-PP-PR-011 | G79: EXPEDITING REPORTS (MULTIPLE DOCUMENTS) | H79: 2 | O79: 2
A80: A.1.4 | B80: HSE
A81: A.1.4.1 | B81: CA0000-52-MAN-0001 | C81: GDVHS1000 | D81: GDVHS1000 | E81: GDVHS1000 | F81: 8405-PP-HS-001 | G81: HSE MANUAL SAF-002 - CORPORATE DOCUMENT | H81: 3 | I81: 44567 | J81: 44565 | K81: 44589 | M81: 44589 | O81: 3
A82: A.1.4.2 | B82: CA0000-52-MAN-0002 | C82: GDVHS1010 | D82: GDVHS1010 | E82: GDVHS1010 | F82: 8405-PP-HS-002 | G82: NPCC ENVIRONMENT MANAGEMENT SYSTEM MANUAL | H82: 3 | I82: 44596 | J82: 44565 | K82: 44631 | M82: 44631 | O82: 3
A83: A.1.4.3 | B83: CA0000-52-GDD-0001 | C83: GDVHS1025 | D83: GDVHS1030 | E83: GDVHS1035 | F83: 8405-PP-HS-003 | G83: COVID 19 & BUSINESS CONTINUITY GUIDELINES - NPCC OFFICES | H83: 3 | I83: 44631 | J83: 44565 | K83: 44659 | M83: 44692 | O83: 3
A84: A.1.4.4 | B84: CA0000-52-PLN-0001 | F84: 8405-PP-HS-004 | G84: RISK ASSESSMENT FOR PRE-ENGINEERING GEOPHYSICAL SURVEY | H84: 2 | I84: 44613 | O84: 2
A85: A.1.4.5 | B85: CA0000-52-PLN-0002 | C85: GDVHS1045 | D85: GDVHS1050 | E85: GDVHS1055 | F85: 8405-PP-HS-005 | G85: CONSTRUCTION HSE PLAN - OFFSHORE | H85: 1 | I85: 44700 | K85: 44728 | M85: 44761 | O85: 1
A86: A.1.4.6 | B86: CA0000-52-PLN-0003 | F86: 8405-PP-HS-006 | G86: EMERGENCY RESPONSE PLAN | H86: 1 | I86: 44691 | O86: 1
A87: A.1.4.7 | B87: CA0000-52-PLN-0004 | C87: GDVHS1110 | D87: GDVHS1120 | E87: GDVHS1130 | F87: 8405-PP-HS-007 | G87: EMERGENCY RESPONSE PLAN - OFFSHORE | H87: 1 | I87: 44769 | K87: 44797 | M87: 44825 | O87: 1
A88: A.1.4.8 | B88: CA0000-52-PLN-0006 | F88: 8405-PP-HS-008 | G88: WASTE MANAGEMENT PLAN - ISLAND | I88: 44785
A89: A.1.4.9 | B89: CA0000-52-PLN-0007 | C89: GDVHS1075 | D89: GDVHS1080 | E89: GDVHS1085 | F89: 8405-PP-HS-009 | G89: WASTE MANAGEMENT PLAN - OFFSHORE | H89: 1 | I89: 44743 | K89: 44776 | M89: 44804 | O89: 1
A90: A.1.4.10 | B90: CA0000-52-PRO-0001 | F90: 8405-PP-HS-010 | G90: MEDICAL EVACUATION PROCEDURE (MEDEVAC) - ISLAND | H90: 1 | I90: 44785 | O90: 1
A91: A.1.4.11 | B91: CA0000-52-PRO-0002 | C91: GDVHS1090 | D91: GDVHS1095 | E91: GDVHS1100 | F91: 8405-PP-HS-011 | G91: MEDICAL EVACUATION PROCEDURE (MEDEVAC) - OFFSHORE | H91: 1 | I91: 44762 | K91: 44790 | M91: 44818 | O91: 1
A92: A.1.4.12 | B92: CA0000-52-PRO-0003 | C92: GDVHS1060 | D92: GDVHS1065 | E92: GDVHS1070 | F92: 8405-PP-HS-012 | G92: CONSTRUCTION ENVIRONMENT MANAGEMENT PLAN - OFFSHORE | H92: 1 | I92: 44722 | K92: 44755 | M92: 44775 | O92: 1
A93: A.1.4.13 | B93: CA0000-52-PLN-0008 | C93: GDVHS1005 | D93: GDVHS1015 | E93: GDVHS1020 | F93: 8405-PP-HS-013 | G93: PROJECT HSE PLAN | H93: 1 | I93: 44596 | J93: 44574 | K93: 44624 | L93: 44613 | M93: 44652 | O93: 1
A94: A.1.4.14 | B94: CA0000-52-SCH-0001 | F94: 8405-PP-HS-014 | G94: PLANNED INTERNAL & EXTERNAL AUDIT SCHEDULE FOR QHSE | H94: 1 | O94: 1
A95: A.1.4.15 | B95: CA0000-52-HSE-0001 | F95: 8405-PP-HS-015 | G95: INTERFACE HSE REVIEW | H95: 1 | O95: 1
A96: A.1.4.16 | B96: CA0000-52-REG-0001 | F96: 8405-PP-HS-016 | G96: HSE ACTION TRACKING REGISTER | H96: 1 | O96: 1
A97: A.1.4.17 | B97: CA0000-52-PLN-0009 | F97: 8405-PP-HS-017 | G97: ENVIRONMENTAL MANAGEMENT PLAN (CONSTRUCTION & OPERATIONS) | H97: 1 | I97: 44744 | O97: 1
A98: A.1.4.18 | B98: CA0000-52-PRO-0004 | F98: 8405-PP-HS-018 | G98: WORK PERMIT PROCEDURE | H98: 2 | I98: 44749 | O98: 2
A99: A.1.4.19 | B99: CA0000-52-PLN-0010 | F99: 8405-PP-HS-019 | G99: CONTRACTOR CAMP HSE PLAN | H99: 1 (Offshore Barges) | I99: 44754 | O99: 1 (Offshore Barges)
A100: A.1.4.20 | B100: CA0000-52-REP-0001 | F100: 8405-PP-HS-020 | G100: CONSTRUCTION RISK ASSESSMENT | H100: 2 | I100: 44757 | O100: 2
...

Sheet P6_Data
A1: Activity Step Count | B1: Activity ID | C1: Activity Name | D1: Org Dur | E1: Early Start | F1: Early Finish | G1: Late Start | H1: Late Finish | I1: Total Float
A2: EPC FOR DALMA GAS DEVELOPMENT PROJECT | D2: 1159 | E2: 44549 | F2: 45708 | G2: 44549 | H2: 45738 | I2: 31
A3: MILESTONE | D3: 1159 | E3: 44549 | F3: 45708 | G3: 44549 | H3: 45738 | I3: 31
A4: PROJECT MILESTONES | D4: 1159 | E4: 44549 | F4: 45708 | G4: 44549 | H4: 45738 | I4: 31
A5: 0 | B5: MS1010 | C5: EFFECTIVE/COMMENCEMENT DATE | D5: 0 | E5: 44549 | G5: 44549 | I5: 0
A6: 0 | B6: MSGENA02 | C6: APPROVED PLANNING DOSSIER COVERING - BASELINE SCHEDULE, MILESTONE COMPLETION SCHEDULE, PROJECT CONTROL PROCEDURES ETC. | D6: 0 | F6: 44627 | H6: 44627 | I6: 0
A7: 0 | B7: MSCONF14 | C7: COMPLETION OF PRE- COMM & MC OF ALL PIPELINES INCL. COMPOSITE & FO CABLES | D7: 0 | F7: 45375 | H7: 45403 | I7: 28
A8: 0 | B8: MSCONF15 | C8: COMPLETION OF PRE- COMMISSIONING & MECHANICAL COMPLETION OF ALL UMBILICAL'S | D8: 0 | F8: 45383 | H8: 45403 | I8: 20
A9: 0 | B9: MSCONF16 | C9: COMPLETION OF PRE- COMM & MC OF ALL WHT'S (ST-10,HD-03, BH-03 & HD-T4) | D9: 0 | F9: 45389 | H9: 45433 | I9: 44
A10: 0 | B10: MS1070 | C10: M 1 - RFSU FOR OFFSHORE FACILITIES AT ST-10 | D10: 0 | F10: 45433 | H10: 45433 | I10: 0
A11: 0 | B11: MS1100 | C11: M 2 - RFSU FOR OFFSHORE FACILITIES AT BH-03 | D11: 0 | F11: 45433 | H11: 45433 | I11: 0
A12: 0 | B12: MS1060 | C12: M 3 - RFSU FOR OFFSHORE FACILITIES AT HD-03 | D12: 0 | F12: 45494 | H12: 45494 | I12: 0
A13: 0 | B13: MS1130 | C13: M 4 - RFSU FOR OFFSHORE FACILITIES AT HDT-04 | D13: 0 | F13: 45527 | H13: 45555 | I13: 28
A14: 0 | B14: MS2030 | C14: M 5 - COMPLETE TEST RUN & ACHIEVE PAC FOR ALL WHT'S PIPELINES & UMBILICAL | D14: 0 | F14: 45708 | H14: 45738 | I14: 31
A15: CONTRACTUAL COMPLETION MILESTONE | D15: 1119 | E15: 44589 | F15: 45708 | G15: 44680 | H15: 45738 | I15: 31
A16: GENERAL | D16: 138 | E16: 44655 | F16: 44854 | G16: 44762 | H16: 44993 | I16: 97
A17: 0 | B17: MSGENA01 | C17: ISSUE PROJECT EXECUTION PLAN, COORDINATION PROCEDURE, ENGG, PROCUREMENT PROCEDURES, HSE/QUALITY PLANS -FINAL ISSUE | D17: 0 | F17: 44655 | H17: 44762 | I17: 72
A18: 0 | B18: MSGENA03 | C18: ISSUE CONSTRUCTION EXECUTION PLAN/ PROCEDURES/ METHOD STATEMENTS ALONG WITH TIE-IN/ SHUTDOWN PHILOSOPHY, ETC | D18: 0 | F18: 44792 | H18: 44916 | I18: 87
A19: 0 | B19: MSGENA04 | C19: ISSUE HYDROTESTING, DRYING, PURGING, PRE-COMM, COMMISSIONING & DEMOLITION PROCEDURES - FINAL ISSUE | D19: 0 | F19: 44854 | H19: 44993 | I19: 97
A20: DETAIL ENGINEERING | D20: 246 | E20: 44589 | F20: 44945 | G20: 44701 | H20: 45043 | I20: 69
A21: 0 | B21: MSDEEB22 | C21: ISSUE IST MTO AND MRS FOR STRUCTURAL STEEL BULK MATERIALS FOR ALL AREAS. | D21: 0 | F21: 44589 | H21: 44764 | I21: 120
A22: 0 | B22: MSDEEB14 | C22: ISSUE IST MTO AND MRS FOR LINE PIPES | D22: 0 | F22: 44609 | H22: 44701 | I22: 64
A23: 0 | B23: MSDEEB15 | C23: ISSUE FINAL MTO AND MRS FOR LINE PIPES | D23: 0 | F23: 44655 | H23: 44714 | I23: 41
A24: 0 | B24: MSDEEB16 | C24: ISSUE IST MTO AND MRS FOR ALL BALANCE PIPELINE MATERIALS | D24: 0 | F24: 44670 | H24: 44824 | I24: 105
A25: 0 | B25: MSDEEB01 | C25: PREPARE DESIGN BASIS FOR ALL ENGINEERING DISCIPLINES AND ISSUE TO COMPANY - FINAL ISSUE | D25: 0 | F25: 44671 | H25: 44764 | I25: 62
A26: 0 | B26: MSDEEB18 | C26: ISSUE IST MTO AND MRS FOR ALL PIPING BULK MATERIALS | D26: 0 | F26: 44677 | H26: 44805 | I26: 87
A27: 0 | B27: MSDEEB05 | C27: COMPLETE 30% MODELLING FOR OFFSHORE FACILITIES | D27: 0 | F27: 44700 | H27: 44776 | I27: 52
A28: 0 | B28: MSDEEB02 | C28: PRE-ENGG SURVEY (TOPO/BATH/SOIL INVESTIGATION) & SUBMIT FINAL REPORTS, P/L ROUTE ALIGNMENT SHEETS & ROUTE MAPS (IFC) | D28: 0 | F28: 44700 | H28: 44790 | I28: 61
A29: 0 | B29: MSDEEB17 | C29: ISSUE FINAL MTO AND MRS FOR ALL BALANCE PIPELINE MATERIALS | D29: 0 | F29: 44701 | H29: 44809 | I29: 74
A30: 0 | B30: MSDEEB12 | C30: ISSUE MRS FOR ALL MECHANICAL EQUIPMENT & PACKAGES - FINAL | D30: 0 | F30: 44726 | H30: 44811 | I30: 59
A31: 0 | B31: MSDEEB04 | C31: ISSUE PFDS, P&IDS, PLOT PLANS, EQUIPMENT LAYOUTS AND EQUIPMENT LIST, FOR ALL FACILITIES FOR HAZOP | D31: 0 | F31: 44727 | H31: 44799 | I31: 50
A32: 0 | B32: MSDEEB13 | C32: ISSUE MRS FOR ALL E&I EQUIPMENT & PACKAGES - FINAL | D32: 0 | F32: 44728 | H32: 44811 | I32: 57
... A53: 0 | B53: MSDEEB30 | C53: COMPLETE ALL THE DETAIL ENGINEERING ACTIVITIES FOR OFFSHORE FACILITIES | D53: 0 | F53: 44945 | H53: 45043 | I53: 69
A54: PROCUREMENT | D54: 114 | E54: 44655 | F54: 44823 | G54: 44729 | H54: 44951 | I54: 91
A55: 0 | B55: MSPROC01 | C55: ISSUE PURCHASE ORDERS FOR LINE PIPES (COATED) | D55: 0 | F55: 44655 | H55: 44729 | I55: 52
A56: 0 | B56: MSPROC17 | C56: ISSUE PURCHASE ORDERS FOR ALL MAJOR CIVIL/ STRUCTURAL BULK MATERIALS - I MTO. | D56: 0 | F56: 44655 | H56: 44775 | I56: 81
A57: 0 | B57: MSPROC02 | C57: ISSUE PURCHASE ORDERS FOR LAUNCHERS AND RECEIVERS | D57: 0 | F57: 44701 | H57: 44769 | I57: 46
A58: 0 | B58: MSPROC03 | C58: ISSUE PURCHASE ORDER FOR PIPELINE HOT BENDS | D58: 0 | F58: 44701 | H58: 44827 | I58: 88
A59: 0 | B59: MSPROC04 | C59: ISSUE PURCHASE ORDERS FOR DRAIN DRUM & DRAIN PUMP | D59: 0 | F59: 44701 | H59: 44764 | I59: 43
A60: 0 | B60: MSPROC05 | C60: ISSUE PURCHASE ORDERS FOR PRESSURE VESSEL | D60: 0 | F60: 44701 | H60: 44764 | I60: 43
A61: 0 | B61: MSPROC11 | C61: ISSUE PURCHASE ORDERS FOR ICSS | D61: 0 | F61: 44701 | H61: 44769 | I61: 46
A62: 0 | B62: MSPROC13 | C62: ISSUE PURCHASE ORDERS FOR PIPING BULK MATERIALS AT SITE- I MTO. | D62: 0 | F62: 44701 | H62: 44834 | I62: 93
A63: 0 | B63: MSPROC06 | C63: ISSUE PURCHASE ORDERS FOR SUBSEA CABLES (COMPOSITE) | D63: 0 | F63: 44732 | H63: 44790 | I63: 40
A64: 0 | B64: MSPROC07 | C64: ISSUE PURCHASE ORDERS FOR HIPPS SYSTEM | D64: 0 | F64: 44732 | H64: 44799 | I64: 47
A65: 0 | B65: MSPROC08 | C65: ISSUE PURCHASE ORDERS FOR WELL HEAD CONTROL PANEL | D65: 0 | F65: 44732 | H65: 44810 | I65: 54
A66: 0 | B66: MSPROC12 | C66: ISSUE PURCHASE ORDERS FOR ALL BALANCE PIPELINE MATERIALS (BARRED TEE, ISOLATION JOINTS, ANCHOR FLANGES ETC.) | D66: 0 | F66: 44732 | H66: 44841 | I66: 76
... A73: 0 | B73: MSPROC16 | C73: ISSUE PURCHASE ORDERS FOR ALL E&I BULK MATERIALS & TAGGED INSTRUMENTS - FINAL MTO. | D73: 0 | F73: 44823 | H73: 44951 | I73: 91
A74: SUBCONTRACTS | D74: 204 | E74: 44617 | F74: 44915 | G74: 44680 | H74: 45086 | I74: 122
A75: 0 | B75: MSSUBD01 | C75: AWARD SUBCONTRACTS FOR PRE-ENGINEERING SURVEY (TOPO/BATH/SOIL INVESTIGATION) (N/A) | D75: 0 | F75: 44617 | H75: 44680 | I75: 46
A76: 0 | B76: MSSUBD02 | C76: AWARD SUBCONTRACTS FOR LINEPIPE COATING WORKS (N/A) | D76: 0 | F76: 44732 | H76: 44939 | I76: 145
A77: 0 | B77: MSSUBD03 | C77: AWARD SUBCONTRACTS FOR DREDGING & BACKFILLING WORKS | D77: 0 | F77: 44806 | H77: 44874 | I77: 48
A78: 0 | B78: MSSUBD04 | C78: AWARD SUBCONTRACTS FOR HOOK UP & MODIFICATION WORKS (N/A) | D78: 0 | F78: 44915 | H78: 45086 | I78: 122
A79: MANUFACTURING & DELIVERY | D79: 366 | E79: 44793 | F79: 45159 | G79: 44925 | H79: 45280 | I79: 121
A80: 0 | B80: MSMNDE01 | C80: READY FOR LOAD OUT OF UMBILICAL'S (FROM UMBILICAL VENDOR MANUFACTURING SHOP) | D80: 0 | F80: 44793 | H80: 45087 | I80: 294
A81: 0 | B81: MSMNDE19 | C81: RECEIVE ALL MAJOR CIVIL/ STRUCTURAL BULK MATERIALS - I MTO | D81: 0 | F81: 44808 | H81: 44925 | I81: 117
A82: 0 | B82: MSMNDE15 | C82: RECEIVE ALL PIPING BULK MATERIALS AT SITE- I MTO. | D82: 0 | F82: 44884 | H82: 45034 | I82: 150
A83: 0 | B83: MSMNDE02 | C83: RECEIVE ALL LINE PIPES (COATED) AT SITE - FIRST LOT | D83: 0 | F83: 44903 | H83: 45049 | I83: 146
A84: 0 | B84: MSMNDE20 | C84: RECEIVE ALL MAJOR CIVIL/ STRUCTURAL BULK MATERIALS - FINAL MTO | D84: 0 | F84: 44915 | H84: 45015 | I84: 100
A85: 0 | B85: MSMNDE16 | C85: RECEIVE ALL PIPING BULK MATERIALS AT SITE - FINAL MTO. | D85: 0 | F85: 44945 | H85: 45044 | I85: 99
A86: 0 | B86: MSMNDE17 | C86: RECEIVE ALL E&I BULK MATERIALS AT SITE & TAGGED INSTRUMENTS - I MTO. | D86: 0 | F86: 44976 | H86: 45145 | I86: 169
A87: 0 | B87: MSMNDE05 | C87: RECEIVE ALL PIPELINE HOT BENDS AT SITE | D87: 0 | F87: 44984 | H87: 45118 | I87: 134
A88: 0 | B88: MSMNDE14 | C88: RECEIVE ALL BALANCE PIPELINE MATERIALS (BARRED TEE, ISOLATION JOINTS, ANCHOR FLANGES ETC.) AT SITE | D88: 0 | F88: 45036 | H88: 45170 | I88: 134
A89: 0 | B89: MSMNDE03 | C89: RECEIVE ALL LINE PIPES (COATED) AT SITE - FINAL LOT | D89: 0 | F89: 45037 | H89: 45105 | I89: 68
A90: 0 | B90: MSMNDE04 | C90: RECEIVE ALL LAUNCHERS AND RECEIVERS AT SITE | D90: 0 | F90: 45049 | H90: 45203 | I90: 154
A91: 0 | B91: MSMNDE11 | C91: RECEIVE ALL CONTROL VALVES, SELF REGULATING VALVES & PSV AT SITE | D91: 0 | F91: 45049 | H91: 45170 | I91: 121
... A101: 0 | B101: MSMNDE08 | C101: RECEIVE ALL SUBSEA CABLES (COMPOSITE) AT SITE | D101: 0 | F101: 45159 | H101: 45235 | I101: 76
A102: CONSTRUCTION, MECHANICAL COMPLETION & PRE-COMM | D102: 466 | E102: 44903 | F102: 45369 | G102: 45042 | H102: 45433 | I102: 64
A103: 0 | B103: MSCONF01 | C103: COMPLETE COATING OF ALL LINE PIPES - FIRST LOT | D103: 0 | F103: 44903 | H103: 45042 | I103: 120
A104: 0 | B104: MSCONF02 | C104: COMPLETE COATING OF ALL LINE PIPES - FINAL LOT | D104: 0 | F104: 45030 | H104: 45098 | I104: 59
A105: 0 | B105: MSCONF03 | C105: COMPLETE ALL FABRICATION OF BU HASEER (BH-03) WHT & READY FOR LOAD OUT | D105: 0 | F105: 45159 | H105: 45255 | I105: 84
A106: 0 | B106: MSCONF04 | C106: COMPLETE ALL FABRICATION OF SATAH (ST-10) WHT & READY FOR LOAD OUT | D106: 0 | F106: 45184 | H106: 45246 | I106: 54
A107: 0 | B107: MSCONF06 | C107: COMPLETE ALL FABRICATION OF HAIR DALMA (HD-03) WHT & READY FOR LOAD OUT | D107: 0 | F107: 45210 | H107: 45355 | I107: 125
A108: 0 | B108: MSCONF05 | C108: COMPLETE ALL FABRICATION OF HAIR DALMA (HD-T4) WHT & READY FOR LOAD OUT | D108: 0 | F108: 45211 | H108: 45355 | I108: 124
A109: 0 | B109: MSCONF09 | C109: COMPLETION OF WHT'S (BU HASEER - BH-03) TOPSIDE INSTALLATION WORKS | D109: 0 | F109: 45230 | H109: 45259 | I109: 26
A110: 0 | B110: MSCONF08 | C110: COMPLETION OF WHT'S ( SATAH - ST-10) TOPSIDE INSTALLATION WORKS | D110: 0 | F110: 45235 | H110: 45265 | I110: 30
A111: 0 | B111: MSCONF07 | C111: COMPLETE ALL PIPELINE LAYING WORKS INCLUDING FO & COMPOSITE CABLES | D111: 0 | F111: 45257 | H111: 45394 | I111: 137
A112: 0 | B112: MSCONF13 | C112: COMPLETION OF ALL TIE-IN TO ONSHORE FACILITIES & IGD-E PLATFORMS INCL. ALL HOOK UP'S | D112: 0 | F112: 45307 | H112: 45433 | I112: 126
A113: 0 | B113: MSCONF11 | C113: COMPLETION OF WHT (HAIR DALMA - HD-T4) TOPSIDE INSTALLATION WORKS | D113: 0 | F113: 45357 | H113: 45377 | I113: 20
A114: 0 | B114: MSCONF10 | C114: COMPLETION OF WHT (HAIR DALMA - HD-03) TOPSIDE INSTALLATION WORKS | D114: 0 | F114: 45362 | H114: 45383 | I114: 21
A115: 0 | B115: MSCONF12 | C115: COMPLETION OF ALL SUBSEA UMBILICAL LAYING WORKS | D115: 0 | F115: 45369 | H115: 45418 | I115: 49
A116: COMMISSIONING & RFSU | D116: 275 | E116: 45433 | F116: 45708 | G116: 45433 | H116: 45738 | I116: 31
A117: 0 | B117: MSCOMG01 | C117: COMPLETE COMM. & ACHIEVEMENT OF RFSU FOR ST-10 WHT WITH NEW P/L SYSTEMS, UMBILICAL'S & ASSOCIATED FACILITIES | D117: 0 | F117: 45433 | H117: 45433 | I117: 0
A118: 0 | B118: MSCOMG02 | C118: COMPLETE COMM & ACHIEVEMENT OF RFSU FOR BH-03 WHT WITH ALL NEW P/L SYSTEMS, UMBILICAL'S & ASSOCIATED FACILITIES | D118: 0 | F118: 45433 | H118: 45433 | I118: 0
A119: 0 | B119: MSCOMG03 | C119: COMPLETE COMM & ACHIEVEMENT OF RFSU FOR HD-03 WHT WITH ALL NEW P/L SYSTEMS, UMBILICAL'S & ASSOCIATED FACILITIES | D119: 0 | F119: 45494 | H119: 45494 | I119: 0
A120: 0 | B120: MSCOMG04 | C120: COMPLETE COMM & ACHIEVEMENT OF RFSU FOR HD-T4 WHT WITH ALL NEW P/L SYSTEMS, UMBILICAL'S & ASSOCIATED FACILITIES | D120: 0 | F120: 45524 | H120: 45555 | I120: 31
A121: 0 | B121: MSCOMG05 | C121: COMPLETE TEST RUN & ACHIEVE PAC FOR ALL WHT'S, PIPELINES & UMBILICALS | D121: 0 | F121: 45708 | H121: 45738 | I121: 31
A122: PROJECT INTERFACE ACTIVITIES INPUTS (DATES ARE TO BE AGREED WITH COMPANY/ PACKAGE "B" CONTRACTOR) | D122: 832 | E122: 44549 | F122: 45381 | G122: 44582 | H122: 45414 | I122: 33
A123: 0 | B123: MS2040 | C123: FEED NATIVE FILES FOR DOCUMENTS AND DRAWINGS FROM COMPANY | D123: 14 | E123: 44549 | F123: 44567 | G123: 44631 | H123: 44650 | I123: 60
A124: 0 | B124: MS2090 | C124: ONSHORE PIPELINE/ PIPING DETAILS, FLARE HEADER ROUTING , FLARE CAPACITY AT ARZANAH - BY PACKAGE "B" | D124: 51 | E124: 44549 | F124: 44620 | G124: 44624 | H124: 44699 | I124: 55
A125: 0 | B125: MS2050 | C125: FEED STAGE DATABASE FOR THE SMART PLANT TOOLS (SPI,SPPID, SPEL, SP3D & SFP) BY PACKAGE-B | D125: 51 | E125: 44549 | F125: 44620 | G125: 44781 | H125: 44851 | I125: 160
A126: 0 | B126: MS2150 | C126: CUSTOMIZED SMARTPLANT TOOLS SETUP (FOR SPI, SPPID, SPEL, SP3D & SPF) BY PACKAGE "B" | D126: 51 | E126: 44549 | F126: 44620 | G126: 44607 | H126: 44677 | I126: 42
A127: 0 | B127: MS2190 | C127: ONSHORE P/L,PIPING DETAILS (LENGTH/ROUTING/EXPORT GAS/CONDENSATE COMPOSITION/TEMPE )@ ARZANAH & ZIRKU BY PACKAGE "B" | D127: 51 | E127: 44549 | F127: 44620 | G127: 44624 | H127: 44699 | I127: 55
A128: 0 | B128: MS2200 | C128: SP3D MODELLING PROCEDURE BY PACKAGE "B" | D128: 51 | E128: 44549 | F128: 44620 | G128: 44617 | H128: 44692 | I128: 50
A129: 0 | B129: MS2220 | C129: SPI DATABASE SET UP BY PACKAGE "B" | D129: 51 | E129: 44549 | F129: 44620 | G129: 44630 | H129: 44705 | I129: 59
A130: 0 | B130: MS2230 | C130: SP3D DATABASE (CATALOGUE AND SPEC LIBRARY) SET UP TO MEET THE REQUIREMENTS OF PACKAGE-A CONTRACTOR’s SCOPE BY PKG "B" | D130: 51 | E130: 44549 | F130: 44620 | G130: 44630 | H130: 44705 | I130: 59
A131: 0 | B131: MS2240 | C131: SP3D SUPPORT CUSTOMIZATION TO MEET THE REQUIREMENTS OF PACKAGE-A CONTRACTOR’s SUPPORT STANDARD. BY PACKAGE "B" | D131: 51 | E131: 44549 | F131: 44620 | G131: 44630 | H131: 44705 | I131: 59
A132: 0 | B132: MS2680 | C132: IMPLEMENTATION PROCEDURE FOR SMART PLANT ELECTRICAL (SPEL) BY PACKAGE "B" | D132: 51 | E132: 44549 | F132: 44620 | G132: 44657 | H132: 44732 | I132: 78
A133: 0 | B133: MS2550 | C133: ICSS SPECIFICATION BY PACKAGE "B" | D133: 52 | E133: 44549 | F133: 44621 | G133: 44613 | H133: 44687 | I133: 46
A134: 0 | B134: MS2560 | C134: PACKAGE INTERFACE PHILOSOPHY BY PACKAGE "B" | D134: 51 | E134: 44549 | F134: 44621 | G134: 44614 | H134: 44687 | I134: 46
... A157: 0 | B157: MS2340 | C157: PIPING ISOMETRICS / GAD EXTRACTION SETUP TO MEET THE REQUIREMENTS OF PACKAGE-A CONTRACTOR’s SCOPE BY PACKAGE "B" | D157: 145 | E157: 44549 | F157: 44760 | G157: 44643 | H157: 44853 | I157: 68
...

Sheet Data_List_Final_03
F1: EPC FOR DALMA GAS DEVELOPMENT PROJECT PACKAGE-A (OFFSHORE FACILITIES)
F2: PROJECT DELIVERABLES REGISTER
A3: COMPANY Project No. | F3: COMPANY DOC. No. CA0000-59-REG-0001 | I3: REV
A4: P4331432
A5: CONTRACTOR Project No. | F5: CONTRACTOR DOC. No. 8405-PP-GE-001 | I5: 03
A6: 8405
A7: SECTION | B7: COMPANY DOCUMENT No. | C7: ID2 | D7: ID4 | E7: ID5 | F7: CONTRACTOR DOCUMENT No. | G7: TITLE / DESCRIPTION | H7: DOCUMENT CLASS | I7: PLANNED ISSUANCE DATE | J7: DOCUMENT CLASS
A8: A | B8: PROJECT MANAGEMENT | N8: =MIN(N10:N275) -> -56 | O8: =MIN(O10:O275) -> 0 | P8: =MIN(P10:P275) -> 0
A9: A.1 | B9: PROJECT GENERAL | N9: =MAX(N10:N275) -> 48 | O9: =MAX(O10:O275) -> 0 | P9: =MAX(P10:P275) -> 0
A10: A.1.1 | B10: CA0000-59-REG-0001 | C10: GDVPJ1000 | D10: GDVPJ1005 | E10: GDVPJ1010 | F10: 8405-PP-GE-001 | G10: PROJECT DELIVERABLES REGISTER | H10: 1 | I10: 44560 | J10: 1 | K10: =IFERROR(VLOOKUP(C10,P6_Data!$B:$F,5,0),"") -> 44560 | L10: =IFERROR(VLOOKUP(D10,P6_Data!$B:$F,5,0),"") -> 44624 | M10: =IFERROR(VLOOKUP(E10,P6_Data!$B:$F,5,0),"") -> 44645 | N10: =IFERROR(K10-I10,0) -> 0 | O10: =IFERROR(L10-#REF!,0) -> 0 | P10: =IFERROR(M10-#REF!,0) -> 0
A11: A.1.2 | B11: CA0000-59-PLN-0001 | C11: GDVPJ1015 | D11: GDVPJ1020 | E11: GDVPJ1025 | F11: 8405-PP-GE-002 | G11: PROJECT EXECUTION PLAN | H11: 1 | I11: 44573 | J11: 1 | K11: =IFERROR(VLOOKUP(C11,P6_Data!$B:$F,5,0),"") -> 44573 | L11: =IFERROR(VLOOKUP(D11,P6_Data!$B:$F,5,0),"") -> 44601 | M11: =IFERROR(VLOOKUP(E11,P6_Data!$B:$F,5,0),"") -> 44643 | N11: =IFERROR(K11-I11,0) -> 0 | O11: =IFERROR(L11-#REF!,0) -> 0 | P11: =IFERROR(M11-#REF!,0) -> 0
A12: A.1.3 | B12: CA0000-59-PRO-0001 | C12: GDVPJ1030 | D12: GDVPJ1035 | E12: GDVPJ1040 | F12: 8405-PP-GE-003 | G12: PROJECT COORDINATION & COMMUNICATION PROCEDURE | H12: 1 | I12: 44601 | J12: 1 | K12: =IFERROR(VLOOKUP(C12,P6_Data!$B:$F,5,0),"") -> 44601 | L12: =IFERROR(VLOOKUP(D12,P6_Data!$B:$F,5,0),"") -> 44629 | M12: =IFERROR(VLOOKUP(E12,P6_Data!$B:$F,5,0),"") -> 44655 | N12: =IFERROR(K12-I12,0) -> 0 | O12: =IFERROR(L12-#REF!,0) -> 0 | P12: =IFERROR(M12-#REF!,0) -> 0
A13: A.1.4 | B13: CA0000-59-PRO-0002 | C13: GDVPJ1045 | D13: GDVPJ1050 | E13: GDVPJ1055 | F13: 8405-PP-GE-004 | G13: PROJECT DOCUMENT CONTROL PROCEDURE | H13: 1 | I13: 44582 | J13: 1 | K13: =IFERROR(VLOOKUP(C13,P6_Data!$B:$F,5,0),"") -> 44582 | L13: =IFERROR(VLOOKUP(D13,P6_Data!$B:$F,5,0),"") -> 44617 | M13: =IFERROR(VLOOKUP(E13,P6_Data!$B:$F,5,0),"") -> 44642 | N13: =IFERROR(K13-I13,0) -> 0 | O13: =IFERROR(L13-#REF!,0) -> 0 | P13: =IFERROR(M13-#REF!,0) -> 0
A14: A.1.5 | B14: CA0000-59-PLN-0002 | C14: GDVPJ1060 | D14: GDVPJ1065 | E14: GDVPJ1070 | F14: 8405-PP-GE-005 | G14: PROJECT INTERFACE MANAGEMENT PLAN | H14: 2 | I14: 44603 | J14: 2 | K14: =IFERROR(VLOOKUP(C14,P6_Data!$B:$F,5,0),"") -> 44603 | L14: =IFERROR(VLOOKUP(D14,P6_Data!$B:$F,5,0),"") -> 44624 | M14: =IFERROR(VLOOKUP(E14,P6_Data!$B:$F,5,0),"") -> 44642 | N14: =IFERROR(K14-I14,0) -> 0 | O14: =IFERROR(L14-#REF!,0) -> 0 | P14: =IFERROR(M14-#REF!,0) -> 0
A15: A.1.6 | B15: CA0000-59-REG-0002 | C15: GDVPJ1090 | D15: GDVPJ1095 | E15: GDVPJ1100 | F15: 8405-PP-GE-006 | G15: PROJECT RISK REGISTER | H15: 2 | I15: 44615 | J15: 2 | K15: =IFERROR(VLOOKUP(C15,P6_Data!$B:$F,5,0),"") -> 44631 | L15: =IFERROR(VLOOKUP(D15,P6_Data!$B:$F,5,0),"") -> 44649 | M15: =IFERROR(VLOOKUP(E15,P6_Data!$B:$F,5,0),"") -> 44662 | N15: =IFERROR(K15-I15,0) -> 16 | O15: =IFERROR(L15-#REF!,0) -> 0 | P15: =IFERROR(M15-#REF!,0) -> 0
A16: A.1.7 | B16: CA0000-59-PRO-0011 | C16: GDVPT1065 | D16: GDVPT1075 | E16: GDVPT1085 | F16: 8405-PP-GE-007 | G16: VENDOR DOCUMENT MANAGEMENT PROCEDURE | H16: 1 | I16: 44692 | J16: 1 | K16: =IFERROR(VLOOKUP(C16,P6_Data!$B:$F,5,0),"") -> 44699 | L16: =IFERROR(VLOOKUP(D16,P6_Data!$B:$F,5,0),"") -> 44727 | M16: =IFERROR(VLOOKUP(E16,P6_Data!$B:$F,5,0),"") -> 44760 | N16: =IFERROR(K16-I16,0) -> 7 | O16: =IFERROR(L16-#REF!,0) -> 0 | P16: =IFERROR(M16-#REF!,0) -> 0
A17: A.1.8 | B17: CA0000-59-PRO-0004 | C17: GDVPJ1075 | D17: GDVPJ1080 | E17: GDVPJ1085 | F17: 8405-PP-GE-008 | G17: PROJECT RISK MANAGEMENT PROCEDURE | H17: 1 | I17: 44589 | J17: 1 | K17: =IFERROR(VLOOKUP(C17,P6_Data!$B:$F,5,0),"") -> 44589 | L17: =IFERROR(VLOOKUP(D17,P6_Data!$B:$F,5,0),"") -> 44614 | M17: =IFERROR(VLOOKUP(E17,P6_Data!$B:$F,5,0),"") -> 44635 | N17: =IFERROR(K17-I17,0) -> 0 | O17: =IFERROR(L17-#REF!,0) -> 0 | P17: =IFERROR(M17-#REF!,0) -> 0
A18: A.1.9 | B18: CA0000-50-REP-0002 | C18: GDVPJ1240 | D18: GDVPJ1245 | E18: GDVPJ1310 | F18: 8405-PP-GE-029 | G18: PROJECT RISK CLOSE-OUT REPORT | H18: 1 | I18: 45532 | J18: 1 | K18: =IFERROR(VLOOKUP(C18,P6_Data!$B:$F,5,0),"") -> 45532 | L18: =IFERROR(VLOOKUP(D18,P6_Data!$B:$F,5,0),"") -> 45561 | M18: =IFERROR(VLOOKUP(E18,P6_Data!$B:$F,5,0),"") -> 45708 | N18: =IFERROR(K18-I18,0) -> 0 | O18: =IFERROR(L18-#REF!,0) -> 0 | P18: =IFERROR(M18-#REF!,0) -> 0
A19: A.1.10 | B19: CA0000-50-PRO-0008 | F19: 8405-PP-GE-037 | G19: TOR / PROCEDURE FOR PROJECT RISK ASSESSMENT WORKSHOP | H19: 1 | I19: 44609 | J19: 1 | K19: =IFERROR(VLOOKUP(C19,P6_Data!$B:$F,5,0),"") | L19: =IFERROR(VLOOKUP(D19,P6_Data!$B:$F,5,0),"") | M19: =IFERROR(VLOOKUP(E19,P6_Data!$B:$F,5,0),"") | N19: =IFERROR(K19-I19,0) -> 0 | O19: =IFERROR(L19-#REF!,0) -> 0 | P19: =IFERROR(M19-#REF!,0) -> 0
A20: A.1.11 | B20: CA0000-59-PLN-0003 | C20: GDVPJ1105 | D20: GDVPJ1110 | E20: GDVPJ1115 | F20: 8405-PP-GE-009 | G20: PROJECT SUBCONTRACT PLAN | H20: 1 | I20: 44575 | J20: 1 | K20: =IFERROR(VLOOKUP(C20,P6_Data!$B:$F,5,0),"") -> 44578 | L20: =IFERROR(VLOOKUP(D20,P6_Data!$B:$F,5,0),"") -> 44620 | M20: =IFERROR(VLOOKUP(E20,P6_Data!$B:$F,5,0),"") -> 44648 | N20: =IFERROR(K20-I20,0) -> 3 | O20: =IFERROR(L20-#REF!,0) -> 0 | P20: =IFERROR(M20-#REF!,0) -> 0
A21: A.1.12 | B21: CA0000-59-PLN-0004 | C21: GDVPJ1120 | D21: GDVPJ1125 | E21: GDVPJ1130 | F21: 8405-PP-GE-010 | G21: ASSET INTEGRITY MANAGEMENT PLAN | H21: 1 | I21: 44631 | J21: 1 | K21: =IFERROR(VLOOKUP(C21,P6_Data!$B:$F,5,0),"") -> 44638 | L21: =IFERROR(VLOOKUP(D21,P6_Data!$B:$F,5,0),"") -> 44673 | M21: =IFERROR(VLOOKUP(E21,P6_Data!$B:$F,5,0),"") -> 44706 | N21: =IFERROR(K21-I21,0) -> 7 | O21: =IFERROR(L21-#REF!,0) -> 0 | P21: =IFERROR(M21-#REF!,0) -> 0
A22: A.1.13 | B22: CA0000-59-PRO-0005 | C22: GDVPJ1290 | D22: GDVPJ1300 | E22: GDVPJ1250 | F22: 8405-PP-GE-011 | G22: FINAL DOCUMENTATION HANDOVER PROCEDURE | H22: 1 | I22: 45187 | J22: 1 | K22: =IFERROR(VLOOKUP(C22,P6_Data!$B:$F,5,0),"") -> 45187 | L22: =IFERROR(VLOOKUP(D22,P6_Data!$B:$F,5,0),"") -> 45216 | M22: =IFERROR(VLOOKUP(E22,P6_Data!$B:$F,5,0),"") -> 45244 | N22: =IFERROR(K22-I22,0) -> 0 | O22: =IFERROR(L22-#REF!,0) -> 0 | P22: =IFERROR(M22-#REF!,0) -> 0
A23: A.1.14 | B23: CA0000-59-PRO-0006 | C23: GDVPJ1135 | D23: GDVPJ1140 | E23: GDVPJ1145 | F23: 8405-PP-GE-012 | G23: CONSTRUCTABILITY WORKSHOP PROCEDURE | H23: 1 | I23: 44732 | J23: 1 | K23: =IFERROR(VLOOKUP(C23,P6_Data!$B:$F,5,0),"") -> 44727 | L23: =IFERROR(VLOOKUP(D23,P6_Data!$B:$F,5,0),"") -> 44760 | M23: =IFERROR(VLOOKUP(E23,P6_Data!$B:$F,5,0),"") -> 44791 | N23: =IFERROR(K23-I23,0) -> -5 | O23: =IFERROR(L23-#REF!,0) -> 0 | P23: =IFERROR(M23-#REF!,0) -> 0
A24: A.1.15 | B24: CA0000-59-REP-0002 | F24: 8405-PP-GE-035 | G24: CONSTRUCTABILITY WORKSHOP REPORT | H24: 1 | I24: 44739 | J24: 1 | K24: =IFERROR(VLOOKUP(C24,P6_Data!$B:$F,5,0),"") | L24: =IFERROR(VLOOKUP(D24,P6_Data!$B:$F,5,0),"") | M24: =IFERROR(VLOOKUP(E24,P6_Data!$B:$F,5,0),"") | N24: =IFERROR(K24-I24,0) -> 0 | O24: =IFERROR(L24-#REF!,0) -> 0 | P24: =IFERROR(M24-#REF!,0) -> 0
A25: A.1.17 | B25: CA0000-59-PRO-0007 | C25: GDVPJ1150 | D25: GDVPJ1155 | E25: GDVPJ1160 | F25: 8405-PP-GE-013 | G25: PROJECT MATERIAL MANAGEMENT PROCEDURE | H25: 1 | I25: 44601 | J25: 1 | K25: =IFERROR(VLOOKUP(C25,P6_Data!$B:$F,5,0),"") -> 44601 | L25: =IFERROR(VLOOKUP(D25,P6_Data!$B:$F,5,0),"") -> 44643 | M25: =IFERROR(VLOOKUP(E25,P6_Data!$B:$F,5,0),"") -> 44671 | N25: =IFERROR(K25-I25,0) -> 0 | O25: =IFERROR(L25-#REF!,0) -> 0 | P25: =IFERROR(M25-#REF!,0) -> 0
A26: A.1.18 | B26: CA0000-59-REG-0003 | C26: GDVPJ1165 | D26: GDVPJ1170 | E26: GDVPJ1175 | F26: 8405-PP-GE-014 | G26: PROJECT INTERFACE REGISTER | H26: 2 | I26: 44589 | J26: 2 | K26: =IFERROR(VLOOKUP(C26,P6_Data!$B:$F,5,0),"") -> 44589 | L26: =IFERROR(VLOOKUP(D26,P6_Data!$B:$F,5,0),"") -> 44617 | M26: =IFERROR(VLOOKUP(E26,P6_Data!$B:$F,5,0),"") -> 44649 | N26: =IFERROR(K26-I26,0) -> 0 | O26: =IFERROR(L26-#REF!,0) -> 0 | P26: =IFERROR(M26-#REF!,0) -> 0
A27: A.1.19 | B27: CA0000-59-PRO-0008 | C27: GDVPJ1180 | D27: GDVPJ1185 | E27: GDVPJ1190 | F27: 8405-PP-GE-015 | G27: DESIGN DEVIATION / CONCESSION REQUEST AUTHORIZATION (DCA) PROCEDURE | H27: 1 | I27: 44608 | J27: 1 | K27: =IFERROR(VLOOKUP(C27,P6_Data!$B:$F,5,0),"") -> 44608 | L27: =IFERROR(VLOOKUP(D27,P6_Data!$B:$F,5,0),"") -> 44631 | M27: =IFERROR(VLOOKUP(E27,P6_Data!$B:$F,5,0),"") -> 44652 | N27: =IFERROR(K27-I27,0) -> 0 | O27: =IFERROR(L27-#REF!,0) -> 0 | P27: =IFERROR(M27-#REF!,0) -> 0
A28: A.1.20 | B28: CA0000-59-GDD-0001 | C28: GDVPJ1195 | D28: GDVPJ1200 | E28: GDVPJ1205 | F28: 8405-PP-GE-016 | G28: PROJECT PROCEDURE FOR NOTIFICATION TO SITE OF CHANGE (NSC) | H28: 1 | I28: 44608 | J28: 1 | K28: =IFERROR(VLOOKUP(C28,P6_Data!$B:$F,5,0),"") -> 44608 | L28: =IFERROR(VLOOKUP(D28,P6_Data!$B:$F,5,0),"") -> 44629 | M28: =IFERROR(VLOOKUP(E28,P6_Data!$B:$F,5,0),"") -> 44650 | N28: =IFERROR(K28-I28,0) -> 0 | O28: =IFERROR(L28-#REF!,0) -> 0 | P28: =IFERROR(M28-#REF!,0) -> 0
A29: A.1.21 | B29: CA0000-89-REP-0001 | F29: 8405-PP-GE-017 | G29: PROJECT CLOSE OUT REPORT | H29: 2 | I29: 45524 | J29: 2 | K29: =IFERROR(VLOOKUP(C29,P6_Data!$B:$F,5,0),"") | L29: =IFERROR(VLOOKUP(D29,P6_Data!$B:$F,5,0),"") | M29: =IFERROR(VLOOKUP(E29,P6_Data!$B:$F,5,0),"") | N29: =IFERROR(K29-I29,0) -> 0 | O29: =IFERROR(L29-#REF!,0) -> 0 | P29: =IFERROR(M29-#REF!,0) -> 0
A30: A.1.22 | B30: CA0000-59-COD-0001 | F30: 8405-PP-GE-038 | G30: PROJECT COMPLETION DOSSIER | H30: 1 | I30: 45524 | J30: 1 | K30: =IFERROR(VLOOKUP(C30,P6_Data!$B:$F,5,0),"") | L30: =IFERROR(VLOOKUP(D30,P6_Data!$B:$F,5,0),"") | M30: =IFERROR(VLOOKUP(E30,P6_Data!$B:$F,5,0),"") | N30: =IFERROR(K30-I30,0) -> 0 | O30: =IFERROR(L30-#REF!,0) -> 0 | P30: =IFERROR(M30-#REF!,0) -> 0
A31: A.1.23 | B31: CA0000-59-PRO-0009 | F31: 8405-PP-GE-039 | G31: AS-BUILT DOCUMENTATION PROCEDURE | H31: 1 | I31: 45347 | J31: 1 | K31: =IFERROR(VLOOKUP(C31,P6_Data!$B:$F,5,0),"") | L31: =IFERROR(VLOOKUP(D31,P6_Data!$B:$F,5,0),"") | M31: =IFERROR(VLOOKUP(E31,P6_Data!$B:$F,5,0),"") | N31: =IFERROR(K31-I31,0) -> 0 | O31: =IFERROR(L31-#REF!,0) -> 0 | P31: =IFERROR(M31-#REF!,0) -> 0
A32: A.1.24 | B32: CA0000-59-PLN-0005 | C32: GDVPJ1260 | D32: GDVPJ1270 | E32: GDVPJ1280 | F32: 8405-PP-GE-018 | G32: LOGISTICS MANAGEMENT PLAN | H32: 3 | I32: 44739 | J32: 3 | K32: =IFERROR(VLOOKUP(C32,P6_Data!$B:$F,5,0),"") -> 44734 | L32: =IFERROR(VLOOKUP(D32,P6_Data!$B:$F,5,0),"") -> 44767 | M32: =IFERROR(VLOOKUP(E32,P6_Data!$B:$F,5,0),"") -> 44788 | N32: =IFERROR(K32-I32,0) -> -5 | O32: =IFERROR(L32-#REF!,0) -> 0 | P32: =IFERROR(M32-#REF!,0) -> 0
A33: A.1.25 | B33: CA0000-50-PRO-0009 | F33: 8405-PP-GE-033 | G33: LESSON LEARNT PROCEDURE | H33: 1 | I33: 44593 | J33: 1 | K33: =IFERROR(VLOOKUP(C33,P6_Data!$B:$F,5,0),"") | L33: =IFERROR(VLOOKUP(D33,P6_Data!$B:$F,5,0),"") | M33: =IFERROR(VLOOKUP(E33,P6_Data!$B:$F,5,0),"") | N33: =IFERROR(K33-I33,0) -> 0 | O33: =IFERROR(L33-#REF!,0) -> 0 | P33: =IFERROR(M33-#REF!,0) -> 0
A34: A.1.27 | B34: CA0000-89-REP-0002 | C34: GDVPJ1225 | D34: GDVPJ1230 | E34: GDVPJ1235 | F34: 8405-PP-GE-020 | G34: LESSON LEARNT WORKSHOP REPORT | H34: 2 | I34: 44671 | J34: 2 | K34: =IFERROR(VLOOKUP(C34,P6_Data!$B:$F,5,0),"") -> 44666 | L34: =IFERROR(VLOOKUP(D34,P6_Data!$B:$F,5,0),"") -> 44699 | M34: =IFERROR(VLOOKUP(E34,P6_Data!$B:$F,5,0),"") -> 44727 | N34: =IFERROR(K34-I34,0) -> -5 | O34: =IFERROR(L34-#REF!,0) -> 0 | P34: =IFERROR(M34-#REF!,0) -> 0
A35: A.1.28 | B35: CA0000-54-MAN-001 | F35: 8405-PP-CM-033 | G35: OPERATING MANUALS (VARIOUS DOCUMENTS) | H35: 2 | I35: 45524 | J35: 2 | K35: =IFERROR(VLOOKUP(C35,P6_Data!$B:$F,5,0),"") | L35: =IFERROR(VLOOKUP(D35,P6_Data!$B:$F,5,0),"") | M35: =IFERROR(VLOOKUP(E35,P6_Data!$B:$F,5,0),"") | N35: =IFERROR(K35-I35,0) -> 0 | O35: =IFERROR(L35-#REF!,0) -> 0 | P35: =IFERROR(M35-#REF!,0) -> 0
A36: A.1.29 | B36: CA0000-54-MAN-002 | F36: 8405-PP-CM-034 | G36: INSTALLATION AND MAINTENANCE MANUALS (VARIOUS DOCUMENTS) | H36: 2 | I36: 45524 | J36: 2 | K36: =IFERROR(VLOOKUP(C36,P6_Data!$B:$F,5,0),"") | L36: =IFERROR(VLOOKUP(D36,P6_Data!$B:$F,5,0),"") | M36: =IFERROR(VLOOKUP(E36,P6_Data!$B:$F,5,0),"") | N36: =IFERROR(K36-I36,0) -> 0 | O36: =IFERROR(L36-#REF!,0) -> 0 | P36: =IFERROR(M36-#REF!,0) -> 0
A37: A.1.30 | B37: CA0000-59-MAN-001 | F37: 8405-PP-GE-040 | G37: CERTIFICATION MANUAL (THIS DOCUMENT ALREADY SEND THRU LETTER NO. 8405-NPCC-A-L-0059 DATED 22-02-22 | H37: 3 | I37: 44614 | J37: 3 | K37: =IFERROR(VLOOKUP(C37,P6_Data!$B:$F,5,0),"") | L37: =IFERROR(VLOOKUP(D37,P6_Data!$B:$F,5,0),"") | M37: =IFERROR(VLOOKUP(E37,P6_Data!$B:$F,5,0),"") | N37: =IFERROR(K37-I37,0) -> 0 | O37: =IFERROR(L37-#REF!,0) -> 0 | P37: =IFERROR(M37-#REF!,0) -> 0
A38: A.1.31 | B38: CA0000-59-MAN-002 | F38: 8405-PP-GE-041 | G38: INDEXES FOR FINAL DOCUMENTATION MANUALS | H38: 3 | I38: 45458 | J38: 3 | K38: =IFERROR(VLOOKUP(C38,P6_Data!$B:$F,5,0),"") | L38: =IFERROR(VLOOKUP(D38,P6_Data!$B:$F,5,0),"") | M38: =IFERROR(VLOOKUP(E38,P6_Data!$B:$F,5,0),"") | N38: =IFERROR(K38-I38,0) -> 0 | O38: =IFERROR(L38-#REF!,0) -> 0 | P38: =IFERROR(M38-#REF!,0) -> 0
A39: A.1.32 | B39: CA0000-52-PLN-0008 | F39: 8405-PP-HS-023 | G39: TRAINING PLAN | H39: 3 | I39: 45433 | J39: 3 | K39: =IFERROR(VLOOKUP(C39,P6_Data!$B:$F,5,0),"") | L39: =IFERROR(VLOOKUP(D39,P6_Data!$B:$F,5,0),"") | M39: =IFERROR(VLOOKUP(E39,P6_Data!$B:$F,5,0),"") | N39: =IFERROR(K39-I39,0) -> 0 | O39: =IFERROR(L39-#REF!,0) -> 0 | P39: =IFERROR(M39-#REF!,0) -> 0
A40: A.1.33 | B40: CA0000-58-GDD-0001 | F40: 8405-PP-PR-012 | G40: CONTRACT ORGANIZATION AND MANNING, ORGANIZATION CHARTS | H40: 1 | I40: 44578 | J40: 1
A41: A.1.2 | B41: PROJECT CONTROL | K41: =IFERROR(VLOOKUP(C41,P6_Data!$B:$F,5,0),"") | L41: =IFERROR(VLOOKUP(D41,P6_Data!$B:$F,5,0),"") | M41: =IFERROR(VLOOKUP(E41,P6_Data!$B:$F,5,0),"") | N41: =IFERROR(K41-I41,0) -> 0 | O41: =IFERROR(L41-#REF!,0) -> 0 | P41: =IFERROR(M41-#REF!,0) -> 0
A42: A.1.2.1 | B42: CA0000-50-PRO-0001 | C42: GDVPC1005 | D42: GDVPC1010 | E42: GDVPC1015 | F42: 8405-PP-GE-021 | G42: PLANNING & SCHEDULING PROCEDURE | H42: 1 | I42: 44574 | J42: 1 | K42: =IFERROR(VLOOKUP(C42,P6_Data!$B:$F,5,0),"") -> 44574 | L42: =IFERROR(VLOOKUP(D42,P6_Data!$B:$F,5,0),"") -> 44602 | M42: =IFERROR(VLOOKUP(E42,P6_Data!$B:$F,5,0),"") -> 44623 | N42: =IFERROR(K42-I42,0) -> 0 | O42: =IFERROR(L42-#REF!,0) -> 0 | P42: =IFERROR(M42-#REF!,0) -> 0
A43: A.1.2.2 | B43: CA0000-50-PRO-0002 | C43: GDVPC1020 | D43: GDVPC1025 | E43: GDVPC1030 | F43: 8405-PP-GE-022 | G43: PROGRESS MEASUREMENT PROCEDURE | H43: 1 | I43: 44572 | J43: 1 | K43: =IFERROR(VLOOKUP(C43,P6_Data!$B:$F,5,0),"") -> 44572 | L43: =IFERROR(VLOOKUP(D43,P6_Data!$B:$F,5,0),"") -> 44600 | M43: =IFERROR(VLOOKUP(E43,P6_Data!$B:$F,5,0),"") -> 44623 | N43: =IFERROR(K43-I43,0) -> 0 | O43: =IFERROR(L43-#REF!,0) -> 0 | P43: =IFERROR(M43-#REF!,0) -> 0
A44: A.1.2.3 | B44: CA0000-50-GDD-0001 | C44: GDVPC1050 | D44: GDVPC1055 | E44: GDVPC1060 | F44: 8405-PP-GE-023 | G44: PROJECT PLANNING PACKAGE | H44: 1 | I44: 44596 | J44: 1 | K44: =IFERROR(VLOOKUP(C44,P6_Data!$B:$F,5,0),"") -> 44596 | L44: =IFERROR(VLOOKUP(D44,P6_Data!$B:$F,5,0),"") -> 44620 | M44: =IFERROR(VLOOKUP(E44,P6_Data!$B:$F,5,0),"") -> 44629 | N44: =IFERROR(K44-I44,0) -> 0 | O44: =IFERROR(L44-#REF!,0) -> 0 | P44: =IFERROR(M44-#REF!,0) -> 0
A45: A.1.2.4 | B45: CA0000-50-REP-0001 | C45: GDVPC1085 | D45: GDVPC1090 | E45: GDVPC1095 | F45: 8405-PP-GE-024 | G45: QUARTERLY SCHEDULE RISK ANALYSIS REPORT | H45: 1 | I45: 44680 | J45: 1 | K45: =IFERROR(VLOOKUP(C45,P6_Data!$B:$F,5,0),"") -> 44680 | L45: =IFERROR(VLOOKUP(D45,P6_Data!$B:$F,5,0),"") -> 44713 | M45: =IFERROR(VLOOKUP(E45,P6_Data!$B:$F,5,0),"") -> 44741 | N45: =IFERROR(K45-I45,0) -> 0 | O45: =IFERROR(L45-#REF!,0) -> 0 | P45: =IFERROR(M45-#REF!,0) -> 0
A46: A.1.2.5 | B46: CA0000-50-PRO-0003 | C46: GDVPC1115 | D46: GDVPC1120 | E46: GDVPC1125 | F46: 8405-PP-GE-025 | G46: MANAGEMENT OF CHANGE PROCEDURE | H46: 1 | I46: 44602 | J46: 1 | K46: =IFERROR(VLOOKUP(C46,P6_Data!$B:$F,5,0),"") -> 44617 | L46: =IFERROR(VLOOKUP(D46,P6_Data!$B:$F,5,0),"") -> 44652 | M46: =IFERROR(VLOOKUP(E46,P6_Data!$B:$F,5,0),"") -> 44706 | N46: =IFERROR(K46-I46,0) -> 15 | O46: =IFERROR(L46-#REF!,0) -> 0 | P46: =IFERROR(M46-#REF!,0) -> 0
A47: A.1.2.6 | B47: CA0000-50-SCH-0001 | C47: GDVPC1000 | D47: GDVPC1000 | E47: GDVPC1000 | F47: 8405-PP-GE-030 | G47: 30/90 DAYS FRONT END SCHEDULES | H47: 3 | I47: 44551 | J47: 3 | K47: =IFERROR(VLOOKUP(C47,P6_Data!$B:$F,5,0),"") -> 44557 | L47: =IFERROR(VLOOKUP(D47,P6_Data!$B:$F,5,0),"") -> 44557 | M47: =IFERROR(VLOOKUP(E47,P6_Data!$B:$F,5,0),"") -> 44557 | N47: =IFERROR(K47-I47,0) -> 6 | O47: =IFERROR(L47-#REF!,0) -> 0 | P47: =IFERROR(M47-#REF!,0) -> 0
A48: A.1.2.7 | B48: CA0000-50-PRO-0004 | F48: 8405-PP-GE-027 | G48: PROJECT CONTRACT TRENDING PROCEDURE | H48: 1 | I48: 44575 | J48: 1 | K48: =IFERROR(VLOOKUP(C48,P6_Data!$B:$F,5,0),"") | L48: =IFERROR(VLOOKUP(D48,P6_Data!$B:$F,5,0),"") | M48: =IFERROR(VLOOKUP(E48,P6_Data!$B:$F,5,0),"") | N48: =IFERROR(K48-I48,0) -> 0 | O48: =IFERROR(L48-#REF!,0) -> 0 | P48: =IFERROR(M48-#REF!,0) -> 0
A49: A.1.2.8 | B49: CA0000-50-PRO-0005 | C49: GDVPC1065 | D49: GDVPC1070 | E49: GDVPC1075 | F49: 8405-PP-GE-028 | G49: INVOICING PROCEDURE | H49: 2 | I49: 44589 | J49: 2 | K49: =IFERROR(VLOOKUP(C49,P6_Data!$B:$F,5,0),"") -> 44589 | L49: =IFERROR(VLOOKUP(D49,P6_Data!$B:$F,5,0),"") -> 44617 | M49: =IFERROR(VLOOKUP(E49,P6_Data!$B:$F,5,0),"") -> 44645 | N49: =IFERROR(K49-I49,0) -> 0 | O49: =IFERROR(L49-#REF!,0) -> 0 | P49: =IFERROR(M49-#REF!,0) -> 0
A50: A.1.2.9 | B50: CA0000-50-PRO-0006 | C50: GDVPC1035 | D50: GDVPC1040 | E50: GDVPC1045 | F50: 8405-PP-GE-031 | G50: PROGRESS REPORTING & PROGRESS REVIEW/CERTIFICATION PROCEDURE | H50: 1 | I50: 44568 | J50: 1 | K50: =IFERROR(VLOOKUP(C50,P6_Data!$B:$F,5,0),"") -> 44568 | L50: =IFERROR(VLOOKUP(D50,P6_Data!$B:$F,5,0),"") -> 44596 | M50: =IFERROR(VLOOKUP(E50,P6_Data!$B:$F,5,0),"") -> 44624 | N50: =IFERROR(K50-I50,0) -> 0 | O50: =IFERROR(L50-#REF!,0) -> 0 | P50: =IFERROR(M50-#REF!,0) -> 0
A51: A.1.2.10 | B51: CA0000-50-PRO-0007 | C51: GDVPC1080 | D51: GDVPC1080 | E51: GDVPC1080 | F51: 8405-PP-GE-032 | G51: SCHEDULE RISK ANALYSIS PROCEDURE | H51: 1 | I51: 44596 | J51: 1 | K51: =IFERROR(VLOOKUP(C51,P6_Data!$B:$F,5,0),"") -> 44644 | L51: =IFERROR(VLOOKUP(D51,P6_Data!$B:$F,5,0),"") -> 44644 | M51: =IFERROR(VLOOKUP(E51,P6_Data!$B:$F,5,0),"") -> 44644 | N51: =IFERROR(K51-I51,0) -> 48 | O51: =IFERROR(L51-#REF!,0) -> 0 | P51: =IFERROR(M51-#REF!,0) -> 0
A52: A.1.2.11 | B52: CA0000-54-SCH-0001 | F52: 8405-PP-CM-035 | G52: DETAILED PRE-COMMISSIONING / COMMISSIONING & START UP SCHEDULES | H52: 1 | I52: 45061 | J52: 1 | K52: =IFERROR(VLOOKUP(C52,P6_Data!$B:$F,5,0),"") | L52: =IFERROR(VLOOKUP(D52,P6_Data!$B:$F,5,0),"") | M52: =IFERROR(VLOOKUP(E52,P6_Data!$B:$F,5,0),"") | N52: =IFERROR(K52-I52,0) -> 0 | O52: =IFERROR(L52-#REF!,0) -> 0 | P52: =IFERROR(M52-#REF!,0) -> 0
A53: A.1.2.12 | B53: CA0000-58-SCH-0001 | F53: 8405-PP-PR-013 | G53: DETAILED CONSTRUCTION / MECHANICAL COMPLETION SCHEDULE | H53: 2 | I53: 44795 | J53: 2 | K53: =IFERROR(VLOOKUP(C53,P6_Data!$B:$F,5,0),"") | L53: =IFERROR(VLOOKUP(D53,P6_Data!$B:$F,5,0),"") | M53: =IFERROR(VLOOKUP(E53,P6_Data!$B:$F,5,0),"") | N53: =IFERROR(K53-I53,0) -> 0 | O53: =IFERROR(L53-#REF!,0) -> 0 | P53: =IFERROR(M53-#REF!,0) -> 0
A54: A.1.2.13 | B54: CA0000-50-REP-00XX | F54: 8405-WPR-0XX | G54: WEEKLY PROGRESS REPORTS | H54: 3 | J54: 3 | K54: =IFERROR(VLOOKUP(C54,P6_Data!$B:$F,5,0),"") | L54: =IFERROR(VLOOKUP(D54,P6_Data!$B:$F,5,0),"") | M54: =IFERROR(VLOOKUP(E54,P6_Data!$B:$F,5,0),"") | N54: =IFERROR(K54-I54,0) -> 0 | O54: =IFERROR(L54-#REF!,0) -> 0 | P54: =IFERROR(M54-#REF!,0) -> 0
A55: A.1.2.14 | B55: CA0000-50-REP-3-00XX | F55: 8405-MPR-0XX | G55: MONTHLY PROGRESS REPORTS | H55: 3 | J55: 3 | K55: =IFERROR(VLOOKUP(C55,P6_Data!$B:$F,5,0),"") | L55: =IFERROR(VLOOKUP(D55,P6_Data!$B:$F,5,0),"") | M55: =IFERROR(VLOOKUP(E55,P6_Data!$B:$F,5,0),"") | N55: =IFERROR(K55-I55,0) -> 0 | O55: =IFERROR(L55-#REF!,0) -> 0 | P55: =IFERROR(M55-#REF!,0) -> 0
A56: A.1.2.15 | B56: CA0000-58-PLN-0002 | F56: 8405-PP-PR-014 | G56: RECOVERY PLANS | H56: 2 | J56: 2 | K56: =IFERROR(VLOOKUP(C56,P6_Data!$B:$F,5,0),"") | L56: =IFERROR(VLOOKUP(D56,P6_Data!$B:$F,5,0),"") | M56: =IFERROR(VLOOKUP(E56,P6_Data!$B:$F,5,0),"") | N56: =IFERROR(K56-I56,0) -> 0 | O56: =IFERROR(L56-#REF!,0) -> 0 | P56: =IFERROR(M56-#REF!,0) -> 0
A57: A.1.2.16 | B57: CA0000-59-PRO-0010 | F57: 8405-PP-GE-042 | G57: ASSET REGISTER PROCEDURE | H57: 1 | I57: 44673 | J57: 1 | K57: =IFERROR(VLOOKUP(C57,P6_Data!$B:$F,5,0),"") | L57: =IFERROR(VLOOKUP(D57,P6_Data!$B:$F,5,0),"") | M57: =IFERROR(VLOOKUP(E57,P6_Data!$B:$F,5,0),"") | N57: =IFERROR(K57-I57,0) -> 0 | O57: =IFERROR(L57-#REF!,0) -> 0 | P57: =IFERROR(M57-#REF!,0) -> 0
A58: A.1.2.17 | B58: CA0000-59-REG-0005 | F58: 8405-PP-GE-043 | G58: ASSET REGISTER | H58: 2 | I58: 44701 | J58: 2 | K58: =IFERROR(VLOOKUP(C58,P6_Data!$B:$F,5,0),"") | L58: =IFERROR(VLOOKUP(D58,P6_Data!$B:$F,5,0),"") | M58: =IFERROR(VLOOKUP(E58,P6_Data!$B:$F,5,0),"") | N58: =IFERROR(K58-I58,0) -> 0 | O58: =IFERROR(L58-#REF!,0) -> 0 | P58: =IFERROR(M58-#REF!,0) -> 0
B59: CONTRACTS | K59: =IFERROR(VLOOKUP(C59,P6_Data!$B:$F,5,0),"") | L59: =IFERROR(VLOOKUP(D59,P6_Data!$B:$F,5,0),"") | M59: =IFERROR(VLOOKUP(E59,P6_Data!$B:$F,5,0),"") | N59: =IFERROR(K59-I59,0) -> 0 | O59: =IFERROR(L59-#REF!,0) -> 0 | P59: =IFERROR(M59-#REF!,0) -> 0
A60: A.1.2.18 | B60: CA0000-58-GDD-0003 | F60: 8405-PP-PR-015 | G60: PERFORMANCE BANK GUARANTEE | H60: 1 | J60: 1 | K60: =IFERROR(VLOOKUP(C60,P6_Data!$B:$F,5,0),"") | L60: =IFERROR(VLOOKUP(D60,P6_Data!$B:$F,5,0),"") | M60: =IFERROR(VLOOKUP(E60,P6_Data!$B:$F,5,0),"") | N60: =IFERROR(K60-I60,0) -> 0 | O60: =IFERROR(L60-#REF!,0) -> 0 | P60: =IFERROR(M60-#REF!,0) -> 0
A61: A.1.2.19 | B61: CA0000-58-GDD-0004 | F61: 8405-PP-PR-016 | G61: ADVANCE PAYMENT BOND | H61: 1 | J61: 1 | K61: =IFERROR(VLOOKUP(C61,P6_Data!$B:$F,5,0),"") | L61: =IFERROR(VLOOKUP(D61,P6_Data!$B:$F,5,0),"") | M61: =IFERROR(VLOOKUP(E61,P6_Data!$B:$F,5,0),"") | N61: =IFERROR(K61-I61,0) -> 0 | O61: =IFERROR(L61-#REF!,0) -> 0 | P61: =IFERROR(M61-#REF!,0) -> 0
A62: A.1.2.20 | B62: CA0000-58-GDD-0005 | F62: 8405-PP-PR-017 | G62: INSURANCE POLICIES/CERTIFICATES (CONTRACTOR AND SUBCONTRACTOR) | H62: 1 | J62: 1 | K62: =IFERROR(VLOOKUP(C62,P6_Data!$B:$F,5,0),"") | L62: =IFERROR(VLOOKUP(D62,P6_Data!$B:$F,5,0),"") | M62: =IFERROR(VLOOKUP(E62,P6_Data!$B:$F,5,0),"") | N62: =IFERROR(K62-I62,0) -> 0 | O62: =IFERROR(L62-#REF!,0) -> 0 | P62: =IFERROR(M62-#REF!,0) -> 0
A63: A.1.2.22 | B63: CA0000-59-REP-0004 | F63: 8405-PP-GE-044 | G63: SUBCONTRACTOR’S PERFORMANCE FEEDBACK REPORT | H63: 3 | J63: 3 | K63: =IFERROR(VLOOKUP(C63,P6_Data!$B:$F,5,0),"") | L63: =IFERROR(VLOOKUP(D63,P6_Data!$B:$F,5,0),"") | M63: =IFERROR(VLOOKUP(E63,P6_Data!$B:$F,5,0),"") | N63: =IFERROR(K63-I63,0) -> 0 | O63: =IFERROR(L63-#REF!,0) -> 0 | P63: =IFERROR(M63-#REF!,0) -> 0
A64: A.1.2.23 | B64: CA0000-59-GDD-0006 | F64: 8405-PP-GE-045 | G64: UNPRICED COPY SUBCONTRACT AGREEMENTS (WILL BE DEVELOPED SEPARATELY FOR ALL S/C) | H64: 3 | J64: 3 | K64: =IFERROR(VLOOKUP(C64,P6_Data!$B:$F,5,0),"") | L64: =IFERROR(VLOOKUP(D64,P6_Data!$B:$F,5,0),"") | M64: =IFERROR(VLOOKUP(E64,P6_Data!$B:$F,5,0),"") | N64: =IFERROR(K64-I64,0) -> 0 | O64: =IFERROR(L64-#REF!,0) -> 0 | P64: =IFERROR(M64-#REF!,0) -> 0
A65: A.1.3 | B65: PROCUREMENT | K65: =IFERROR(VLOOKUP(C65,P6_Data!$B:$F,5,0),"") | L65: =IFERROR(VLOOKUP(D65,P6_Data!$B:$F,5,0),"") | M65: =IFERROR(VLOOKUP(E65,P6_Data!$B:$F,5,0),"") | N65: =IFERROR(K65-I65,0) -> 0 | O65: =IFERROR(L65-#REF!,0) -> 0 | P65: =IFERROR(M65-#REF!,0) -> 0
A66: A.1.3.1 | B66: CA0000-58-PLN-0001 | C66: GDVPT1000 | D66: GDVPT1005 | E66: GDVPT1010 | F66: 8405-PP-PR-001 | G66: PROJECT PROCUREMENT PLAN | H66: 2 | I66: 44596 | J66: 2 | K66: =IFERROR(VLOOKUP(C66,P6_Data!$B:$F,5,0),"") -> 44596 | L66: =IFERROR(VLOOKUP(D66,P6_Data!$B:$F,5,0),"") -> 44631 | M66: =IFERROR(VLOOKUP(E66,P6_Data!$B:$F,5,0),"") -> 44652 | N66: =IFERROR(K66-I66,0) -> 0 | O66: =IFERROR(L66-#REF!,0) -> 0 | P66: =IFERROR(M66-#REF!,0) -> 0
A67: A.1.3.2 | B67: CA0000-58-PVL-0001 | C67: GDVPT1015 | D67: GDVPT1020 | E67: GDVPT1025 | F67: 8405-PP-PR-002 | G67: PROJECT VENDOR LIST (PVL) | H67: 1 | I67: 44603 | J67: 1 | K67: =IFERROR(VLOOKUP(C67,P6_Data!$B:$F,5,0),"") -> 44603 | L67: =IFERROR(VLOOKUP(D67,P6_Data!$B:$F,5,0),"") -> 44631 | M67: =IFERROR(VLOOKUP(E67,P6_Data!$B:$F,5,0),"") -> 44655 | N67: =IFERROR(K67-I67,0) -> 0 | O67: =IFERROR(L67-#REF!,0) -> 0 | P67: =IFERROR(M67-#REF!,0) -> 0
A68: A.1.3.3 | B68: CA0000-58-LST-0001 | C68: GDVPT1030 | D68: GDVPT1035 | E68: GDVPT1040 | F68: 8405-PP-PR-003 | G68: LIST OF LONG LEAD ITEM (LLIS) | H68: 2 | I68: 44631 | J68: 2 | K68: =IFERROR(VLOOKUP(C68,P6_Data!$B:$F,5,0),"") -> 44638 | L68: =IFERROR(VLOOKUP(D68,P6_Data!$B:$F,5,0),"") -> 44666 | M68: =IFERROR(VLOOKUP(E68,P6_Data!$B:$F,5,0),"") -> 44699 | N68: =IFERROR(K68-I68,0) -> 7 | O68: =IFERROR(L68-#REF!,0) -> 0 | P68: =IFERROR(M68-#REF!,0) -> 0
A69: A.1.3.4 | B69: CA0000-58-PRO-0001 | C69: GDVPT1045 | D69: GDVPT1050 | E69: GDVPT1055 | F69: 8405-PP-PR-004 | G69: VENDOR INSPECTION COORDINATION PROCEDURE | H69: 3 | I69: 44659 | J69: 3 | K69: =IFERROR(VLOOKUP(C69,P6_Data!$B:$F,5,0),"") -> 44666 | L69: =IFERROR(VLOOKUP(D69,P6_Data!$B:$F,5,0),"") -> 44699 | M69: =IFERROR(VLOOKUP(E69,P6_Data!$B:$F,5,0),"") -> 44721 | N69: =IFERROR(K69-I69,0) -> 7 | O69: =IFERROR(L69-#REF!,0) -> 0 | P69: =IFERROR(M69-#REF!,0) -> 0
A70: A.1.3.5 | B70: CA0000-58-LST-0002 | F70: 8405-PP-PR-005 | G70: PROJECT SUBCONTRACTORS LIST (PSL) | H70: 2 | I70: 44571 | J70: 2 | K70: =IFERROR(VLOOKUP(C70,P6_Data!$B:$F,5,0),"") | L70: =IFERROR(VLOOKUP(D70,P6_Data!$B:$F,5,0),"") | M70: =IFERROR(VLOOKUP(E70,P6_Data!$B:$F,5,0),"") | N70: =IFERROR(K70-I70,0) -> 0 | O70: =IFERROR(L70-#REF!,0) -> 0 | P70: =IFERROR(M70-#REF!,0) -> 0
A71: A.1.3.6 | B71: CA0000-58-PRO-0002 | F71: 8405-PP-PR-006 | G71: VENDOR PREQUALIFICATION PROCEDURE (Agreed with COMPANY and withdrawn) | I71: 44576 | J71: 2
A72: A.1.3.7 | B72: CA0000-58-GDD-0002 | F72: 8405-PP-PR-008 | G72: AWARD RECOMMENDATIONS | H72: 1 | J72: 1 | K72: =IFERROR(VLOOKUP(C72,P6_Data!$B:$F,5,0),"") | L72: =IFERROR(VLOOKUP(D72,P6_Data!$B:$F,5,0),"") | M72: =IFERROR(VLOOKUP(E72,P6_Data!$B:$F,5,0),"") | N72: =IFERROR(K72-I72,0) -> 0 | O72: =IFERROR(L72-#REF!,0) -> 0 | P72: =IFERROR(M72-#REF!,0) -> 0
A73: A.1.3.8 | B73: CA0000-58-PAR-0001 | F73: 8405-PP-PR-009 | G73: UNPRICED PURCHASE ORDERS | H73: 3 | J73: 3 | K73: =IFERROR(VLOOKUP(C73,P6_Data!$B:$F,5,0),"") | L73: =IFERROR(VLOOKUP(D73,P6_Data!$B:$F,5,0),"") | M73: =IFERROR(VLOOKUP(E73,P6_Data!$B:$F,5,0),"") | N73: =IFERROR(K73-I73,0) -> 0 | O73: =IFERROR(L73-#REF!,0) -> 0 | P73: =IFERROR(M73-#REF!,0) -> 0
A74: A.1.3.9 | B74: CA0000-58-TBE-0001 | F74: 8405-PP-PR-010 | G74: TECHNICAL BID EVALUATION REPORTS (MULTIPLE DOCUMENTS) | H74: 2 | J74: 2 | K74: =IFERROR(VLOOKUP(C74,P6_Data!$B:$F,5,0),"") | L74: =IFERROR(VLOOKUP(D74,P6_Data!$B:$F,5,0),"") | M74: =IFERROR(VLOOKUP(E74,P6_Data!$B:$F,5,0),"") | N74: =IFERROR(K74-I74,0) -> 0 | O74: =IFERROR(L74-#REF!,0) -> 0 | P74: =IFERROR(M74-#REF!,0) -> 0
A75: A.1.3.10 | B75: CA0000-58-REP-0001 | F75: 8405-PP-PR-011 | G75: EXPEDITING REPORTS (MULTIPLE DOCUMENTS) | H75: 2 | J75: 2 | K75: =IFERROR(VLOOKUP(C75,P6_Data!$B:$F,5,0),"") | L75: =IFERROR(VLOOKUP(D75,P6_Data!$B:$F,5,0),"") | M75: =IFERROR(VLOOKUP(E75,P6_Data!$B:$F,5,0),"") | N75: =IFERROR(K75-I75,0) -> 0 | O75: =IFERROR(L75-#REF!,0) -> 0 | P75: =IFERROR(M75-#REF!,0) -> 0
A76: A.1.3.11 | B76: CA0000-58-PRO-0006 | F76: 8405-PP-PR-018 | G76: EXPEDITING PROCEDURE | H76: 2 | I76: 44666 | J76: 2 | K76: =IFERROR(VLOOKUP(C76,P6_Data!$B:$F,5,0),"") | L76: =IFERROR(VLOOKUP(D76,P6_Data!$B:$F,5,0),"") | M76: =IFERROR(VLOOKUP(E76,P6_Data!$B:$F,5,0),"") | N76: =IFERROR(K76-I76,0) -> 0 | O76: =IFERROR(L76-#REF!,0) -> 0 | P76: =IFERROR(M76-#REF!,0) -> 0
A77: A.1.4 | B77: HSE | K77: =IFERROR(VLOOKUP(C77,P6_Data!$B:$F,5,0),"") | L77: =IFERROR(VLOOKUP(D77,P6_Data!$B:$F,5,0),"") | M77: =IFERROR(VLOOKUP(E77,P6_Data!$B:$F,5,0),"") | N77: =IFERROR(K77-I77,0) -> 0 | O77: =IFERROR(L77-#REF!,0) -> 0 | P77: =IFERROR(M77-#REF!,0) -> 0
A78: A.1.4.1 | B78: CA0000-52-MAN-0001 | C78: GDVHS1000 | D78: GDVHS1000 | E78: GDVHS1000 | F78: 8405-PP-HS-001 | G78: HSE MANUAL SAF-002 - CORPORATE DOCUMENT | H78: 3 | I78: 44567 | J78: 3 | K78: =IFERROR(VLOOKUP(C78,P6_Data!$B:$F,5,0),"") -> 44589 | L78: =IFERROR(VLOOKUP(D78,P6_Data!$B:$F,5,0),"") -> 44589 | M78: =IFERROR(VLOOKUP(E78,P6_Data!$B:$F,5,0),"") -> 44589 | N78: =IFERROR(K78-I78,0) -> 22 | O78: =IFERROR(L78-#REF!,0) -> 0 | P78: =IFERROR(M78-#REF!,0) -> 0
A79: A.1.4.2 | B79: CA0000-52-MAN-0002 | C79: GDVHS1010 | D79: GDVHS1010 | E79: GDVHS1010 | F79: 8405-PP-HS-002 | G79: NPCC ENVIRONMENT MANAGEMENT SYSTEM MANUAL | H79: 3 | I79: 44596 | J79: 3 | K79: =IFERROR(VLOOKUP(C79,P6_Data!$B:$F,5,0),"") -> 44631 | L79: =IFERROR(VLOOKUP(D79,P6_Data!$B:$F,5,0),"") -> 44631 | M79: =IFERROR(VLOOKUP(E79,P6_Data!$B:$F,5,0),"") -> 44631 | N79: =IFERROR(K79-I79,0) -> 35 | O79: =IFERROR(L79-#REF!,0) -> 0 | P79: =IFERROR(M79-#REF!,0) -> 0
A80: A.1.4.3 | B80: CA0000-52-PLN-0001 | F80: 8405-PP-HS-004 | G80: RISK ASSESSMENT FOR PRE-ENGINEERING GEOPHYSICAL SURVEY- IFI | H80: 2 | I80: 44613 | J80: 2 | K80: =IFERROR(VLOOKUP(C80,P6_Data!$B:$F,5,0),"") | L80: =IFERROR(VLOOKUP(D80,P6_Data!$B:$F,5,0),"") | M80: =IFERROR(VLOOKUP(E80,P6_Data!$B:$F,5,0),"") | N80: =IFERROR(K80-I80,0) -> 0 | O80: =IFERROR(L80-#REF!,0) -> 0 | P80: =IFERROR(M80-#REF!,0) -> 0
A81: A.1.4.4 | B81: CA0000-52-PLN-0002 | C81: GDVHS1045 | D81: GDVHS1050 | E81: GDVHS1055 | F81: 8405-PP-HS-005 | G81: CONSTRUCTION HSE PLAN - OFFSHORE | H81: 1 | I81: 44700 | J81: 1 | K81: =IFERROR(VLOOKUP(C81,P6_Data!$B:$F,5,0),"") -> 44700 | L81: =IFERROR(VLOOKUP(D81,P6_Data!$B:$F,5,0),"") -> 44728 | M81: =IFERROR(VLOOKUP(E81,P6_Data!$B:$F,5,0),"") -> 44761 | N81: =IFERROR(K81-I81,0) -> 0 | O81: =IFERROR(L81-#REF!,0) -> 0 | P81: =IFERROR(M81-#REF!,0) -> 0
A82: A.1.4.5 | B82: CA0000-52-PLN-0003 | F82: 8405-PP-HS-006 | G82: EMERGENCY RESPONSE PLAN | H82: 1 | I82: 44691 | J82: 1 | K82: =IFERROR(VLOOKUP(C82,P6_Data!$B:$F,5,0),"") | L82: =IFERROR(VLOOKUP(D82,P6_Data!$B:$F,5,0),"") | M82: =IFERROR(VLOOKUP(E82,P6_Data!$B:$F,5,0),"") | N82: =IFERROR(K82-I82,0) -> 0 | O82: =IFERROR(L82-#REF!,0) -> 0 | P82: =IFERROR(M82-#REF!,0) -> 0
A83: A.1.4.6 | B83: CA0000-52-PLN-0006 | C83: GDVHS1075 | D83: GDVHS1080 | E83: GDVHS1085 | F83: 8405-PP-HS-009 | G83: WASTE MANAGEMENT PLAN | H83: 1 | I83: 44790 | J83: 1 | K83: =IFERROR(VLOOKUP(C83,P6_Data!$B:$F,5,0),"") -> 44743 | L83: =IFERROR(VLOOKUP(D83,P6_Data!$B:$F,5,0),"") -> 44776 | M83: =IFERROR(VLOOKUP(E83,P6_Data!$B:$F,5,0),"") -> 44804 | N83: =IFERROR(K83-I83,0) -> -47 | O83: =IFERROR(L83-#REF!,0) -> 0 | P83: =IFERROR(M83-#REF!,0) -> 0
A84: A.1.4.7 | B84: CA0000-52-PRO-0003 | C84: GDVHS1060 | D84: GDVHS1065 | E84: GDVHS1070 | F84: 8405-PP-HS-012 | G84: CONSTRUCTION ENVIRONMENT MANAGEMENT PLAN - OFFSHORE (By Sub-Contractor) | H84: 1 | I84: 44778 | J84: 1 | K84: =IFERROR(VLOOKUP(C84,P6_Data!$B:$F,5,0),"") -> 44722 | L84: =IFERROR(VLOOKUP(D84,P6_Data!$B:$F,5,0),"") -> 44755 | M84: =IFERROR(VLOOKUP(E84,P6_Data!$B:$F,5,0),"") -> 44775 | N84: =IFERROR(K84-I84,0) -> -56 | O84: =IFERROR(L84-#REF!,0) -> 0 | P84: =IFERROR(M84-#REF!,0) -> 0
A85: A.1.4.8 | B85: CA0000-52-PLN-0007 | C85: GDVHS1005 | D85: GDVHS1015 | E85: GDVHS1020 | F85: 8405-PP-HS-013 | G85: PROJECT HSE PLAN | H85: 1 | I85: 44596 | J85: 1 | K85: =IFERROR(VLOOKUP(C85,P6_Data!$B:$F,5,0),"") -> 44596 | L85: =IFERROR(VLOOKUP(D85,P6_Data!$B:$F,5,0),"") -> 44624 | M85: =IFERROR(VLOOKUP(E85,P6_Data!$B:$F,5,0),"") -> 44652 | N85: =IFERROR(K85-I85,0) -> 0 | O85: =IFERROR(L85-#REF!,0) -> 0 | P85: =IFERROR(M85-#REF!,0) -> 0
A86: A.1.4.9 | B86: CA0000-52-GDD-0002 | F86: 8405-PP-HS-014 | G86: COVID-19 & BUSINESS CONTINUATY BRIDGING | H86: 1 | I86: 44648 | J86: 3 | K86: =IFERROR(VLOOKUP(C86,P6_Data!$B:$F,5,0),"") | L86: =IFERROR(VLOOKUP(D86,P6_Data!$B:$F,5,0),"") | M86: =IFERROR(VLOOKUP(E86,P6_Data!$B:$F,5,0),"") | N86: =IFERROR(K86-I86,0) -> 0 | O86: =IFERROR(L86-#REF!,0) -> 0 | P86: =IFERROR(M86-#REF!,0) -> 0
A87: A.1.4.10 | B87: CA0000-52-PLN-0009 | F87: 8405-PP-HS-017 | G87: OPERATIONAL ENVIRONMENTAL MANAGEMENT PLAN (CONSTRUCTION & OPERATIONS) (By Sub-Contractor) | H87: 1 | I87: 44778 | J87: 1 | K87: =IFERROR(VLOOKUP(C87,P6_Data!$B:$F,5,0),"") | L87: =IFERROR(VLOOKUP(D87,P6_Data!$B:$F,5,0),"") | M87: =IFERROR(VLOOKUP(E87,P6_Data!$B:$F,5,0),"") | N87: =IFERROR(K87-I87,0) -> 0 | O87: =IFERROR(L87-#REF!,0) -> 0 | P87: =IFERROR(M87-#REF!,0) -> 0
A88: A.1.4.11 | B88: CA0000-52-PRO-0004 | F88: 8405-PP-HS-018 | G88: WORK PERMIT PROCEDURE | H88: 2 | I88: 44749 | J88: 2 | K88: =IFERROR(VLOOKUP(C88,P6_Data!$B:$F,5,0),"") | L88: =IFERROR(VLOOKUP(D88,P6_Data!$B:$F,5,0),"") | M88: =IFERROR(VLOOKUP(E88,P6_Data!$B:$F,5,0),"") | N88: =IFERROR(K88-I88,0) -> 0 | O88: =IFERROR(L88-#REF!,0) -> 0 | P88: =IFERROR(M88-#REF!,0) -> 0
A89: A.1.4.12 | B89: CA0000-52-PLN-0010 | F89: 8405-PP-HS-019 | G89: WELFARE MANAGEMENT PLAN | H89: 1 (Offshore Barges) | I89: 44790 | J89: 1 | K89: =IFERROR(VLOOKUP(C89,P6_Data!$B:$F,5,0),"") | L89: =IFERROR(VLOOKUP(D89,P6_Data!$B:$F,5,0),"") | M89: =IFERROR(VLOOKUP(E89,P6_Data!$B:$F,5,0),"") | N89: =IFERROR(K89-I89,0) -> 0 | O89: =IFERROR(L89-#REF!,0) -> 0 | P89: =IFERROR(M89-#REF!,0) -> 0
A90: A.1.4.13 | B90: CA0000-52-REP-0001 | F90: 8405-PP-HS-020 | G90: CONSTRUCTION ONSHORE RISK ASSESSMENT | H90: 2 | I90: 44742 | J90: 2 | K90: =IFERROR(VLOOKUP(C90,P6_Data!$B:$F,5,0),"") | L90: =IFERROR(VLOOKUP(D90,P6_Data!$B:$F,5,0),"") | M90: =IFERROR(VLOOKUP(E90,P6_Data!$B:$F,5,0),"") | N90: =IFERROR(K90-I90,0) -> 0 | O90: =IFERROR(L90-#REF!,0) -> 0 | P90: =IFERROR(M90-#REF!,0) -> 0
A91: A.1.4.14 | B91: CA0000-52-REP-0003 | F91: 8405-PP-HS-026 | G91: CONSTRUCTION OFFSHORE RISK ASSESSMENT | I91: 44921 | J91: 2
A92: A.1.4.15 | B92: CA0000-52-PLN-0011 | F92: 8405-PP-HS-022 | G92: ERP BRIDGING DOCUMENT (By Sub-Contractor) | H92: 1 | I92: 44757 | J92: 1 | K92: =IFERROR(VLOOKUP(C92,P6_Data!$B:$F,5,0),"") | L92: =IFERROR(VLOOKUP(D92,P6_Data!$B:$F,5,0),"") | M92: =IFERROR(VLOOKUP(E92,P6_Data!$B:$F,5,0),"") | N92: =IFERROR(K92-I92,0) -> 0 | O92: =IFERROR(L92-#REF!,0) -> 0 | P92: =IFERROR(M92-#REF!,0) -> 0
A93: A.1.4.16 | B93: CA0000-52-PLN-0012 | F93: 8405-PP-HS-025 | G93: CONSTRUCTION HSE PLAN ONSHORE | I93: 44743 | J93: 1
A94: A.1.5 | B94: QA&QC | K94: =IFERROR(VLOOKUP(C94,P6_Data!$B:$F,5,0),"") | L94: =IFERROR(VLOOKUP(D94,P6_Data!$B:$F,5,0),"") | M94: =IFERROR(VLOOKUP(E94,P6_Data!$B:$F,5,0),"") | N94: =IFERROR(K94-I94,0) -> 0 | O94: =IFERROR(L94-#REF!,0) -> 0 | P94: =IFERROR(M94-#REF!,0) -> 0
A95: A.1.5.1 | B95: CA0000-63-PLN-0001 | C95: GDVQA1000 | D95: GDVQA1005 | E95: GDVQA1010 | F95: 8405-PP-QA-001 | G95: PROJECT QUALITY PLAN | H95: 1 | I95: 44589 | J95: 1 | K95: =IFERROR(VLOOKUP(C95,P6_Data!$B:$F,5,0),"") -> 44589 | L95: =IFERROR(VLOOKUP(D95,P6_Data!$B:$F,5,0),"") -> 44624 | M95: =IFERROR(VLOOKUP(E95,P6_Data!$B:$F,5,0),"") -> 44652 | N95: =IFERROR(K95-I95,0) -> 0 | O95: =IFERROR(L95-#REF!,0) -> 0 | P95: =IFERROR(M95-#REF!,0) -> 0
A96: A.1.5.2 | B96: CA0000-63-SCH-0001 | C96: GDVQA1015 | D96: GDVQA1020 | E96: GDVQA1025 | F96: 8405-PP-QA-002 | G96: PROJECT QUALITY AUDIT SCHEDULE | H96: 1 | I96: 44596 | J96: 1 | K96: =IFERROR(VLOOKUP(C96,P6_Data!$B:$F,5,0),"") -> 44596 | L96: =IFERROR(VLOOKUP(D96,P6_Data!$B:$F,5,0),"") -> 44638 | M96: =IFERROR(VLOOKUP(E96,P6_Data!$B:$F,5,0),"") -> 44666 | N96: =IFERROR(K96-I96,0) -> 0 | O96: =IFERROR(L96-#REF!,0) -> 0 | P96: =IFERROR(M96-#REF!,0) -> 0
A97: A.1.5.3 | B97: CA0000-63-PRO-0025 | C97: GDVQA1030 | D97: GDVQA1035 | E97: GDVQA1040 | F97: 8405-PP-QA-003 | G97: NON-CONFORMANCE REPORTING SYSTEM PROCEDURE | H97: 1 | I97: 44666 | J97: 1 | K97: =IFERROR(VLOOKUP(C97,P6_Data!$B:$F,5,0),"") -> 44666 | L97: =IFERROR(VLOOKUP(D97,P6_Data!$B:$F,5,0),"") -> 44727 | M97: =IFERROR(VLOOKUP(E97,P6_Data!$B:$F,5,0),"") -> 44795 | N97: =IFERROR(K97-I97,0) -> 0 | O97: =IFERROR(L97-#REF!,0) -> 0 | P97: =IFERROR(M97-#REF!,0) -> 0
A98: A.1.5.4 | B98: CA0000-63-PRO-0002 | C98: GDVQA1045 | D98: GDVQA1050 | E98: GDVQA1055 | F98: 8405-PP-QA-004 | G98: PROJECT MATERIAL CONTROL INSPECTION IDENTIFICATION AND TRACEABILITY PROCEDURE | H98: 1 | I98: 44673 | J98: 1 | K98: =IFERROR(VLOOKUP(C98,P6_Data!$B:$F,5,0),"") -> 44673 | L98: =IFERROR(VLOOKUP(D98,P6_Data!$B:$F,5,0),"") -> 44727 | M98: =IFERROR(VLOOKUP(E98,P6_Data!$B:$F,5,0),"") -> 44812 | N98: =IFERROR(K98-I98,0) -> 0 | O98: =IFERROR(L98-#REF!,0) -> 0 | P98: =IFERROR(M98-#REF!,0) -> 0
A99: A.1.5.5 | B99: CA0000-63-PRO-0003 | C99: GDVQA1060 | D99: GDVQA1065 | E99: GDVQA1070 | F99: 8405-PP-QA-005 | G99: DIMENSIONAL CONTROL PROCEDURE | H99: 1 | I99: 44706 | J99: 1 | K99: =IFERROR(VLOOKUP(C99,P6_Data!$B:$F,5,0),"") -> 44706 | L99: =IFERROR(VLOOKUP(D99,P6_Data!$B:$F,5,0),"") -> 44748 | M99: =IFERROR(VLOOKUP(E99,P6_Data!$B:$F,5,0),"") -> 44812 | N99: =IFERROR(K99-I99,0) -> 0 | O99: =IFERROR(L99-#REF!,0) -> 0 | P99: =IFERROR(M99-#REF!,0) -> 0
A100: A.1.5.6 | B100: CA0000-63-PRO-0004 | C100: GDVQA1075 | D100: GDVQA1080 | E100: GDVQA1085 | F100: 8405-PP-QA-006 | G100: POSITIVE MATERIAL IDENTIFICATION (PMI) PROCEDURE | H100: 1 | I100: 44711 | J100: 1 | K100: =IFERROR(VLOOKUP(C100,P6_Data!$B:$F,5,0),"") -> 44711 | L100: =IFERROR(VLOOKUP(D100,P6_Data!$B:$F,5,0),"") -> 44756 | M100: =IFERROR(VLOOKUP(E100,P6_Data!$B:$F,5,0),"") -> 44805 | N100: =IFERROR(K100-I100,0) -> 0 | O100: =IFERROR(L100-#REF!,0) -> 0 | P100: =IFERROR(M100-#REF!,0) -> 0
...
